{
    "ModSettings": {
        "highlight_foused_items": {
            "value": false
        },
        "highlight_foused_items_foreground": false,
        "enable_profiles": {
            "value": false
        },
        "enable_updates_check": false,
        "first_run": false
    },
    "GuiSettings": {
        "enable_inventory_editor_button": {
            "value": false
        },
        "enable_inventory_settings_button": {
            "value": false
        },
        "enable_profiles_ui": {
            "value": false
        },
        "show_continuous_crafting_checkbox": {
            "value": false
        }
    },
    "LockedSlotsSettings": {
        "locked_slots_empty_hotbar_as_semi_locked": {
            "value": false
        }
    },
    "AutoRefillSettings": {
        "refill_armor": {
            "value": false
        },
        "audio_durability_notification": {
            "value": false
        },
        "audio_replace_success_notification": {
            "value": false
        },
        "visual_replace_failed_notification": {
            "value": false
        },
        "audio_replace_failed_notification": {
            "value": false
        },
        "type_visual_replace_failed_notification": "CHAT"
    },
    "Hotkeys": {
        "open_config_menu": {
            "main": {
                "keys": ""
            }
        },
        "reload_custom_configs": {
            "main": {
                "keys": ""
            }
        },
        "sort_inventory": {
            "main": {
                "keys": "LEFT_CONTROL,R"
            }
        },
        "throw_all_items": {
            "main": {
                "keys": ""
            }
        },
        "open_gui_editor": {
            "main": {
                "keys": ""
            }
        },
        "apply_profile": {
            "main": {
                "keys": ""
            }
        },
        "next_profile": {
            "main": {
                "keys": ""
            }
        },
        "prev_profile": {
            "main": {
                "keys": ""
            }
        },
        "profile_1": {
            "main": {
                "keys": ""
            }
        },
        "profile_2": {
            "main": {
                "keys": ""
            }
        },
        "profile_3": {
            "main": {
                "keys": ""
            }
        },
        "save_as_profile": {
            "main": {
                "keys": ""
            }
        }
    },
    "Tweaks": {
        "prevent_close_gui_drop_item": {
            "value": true
        }
    }
}