{
  "types": {
    "leaves_type": {
      "architects_palette.twisted": true,
      "betterend.pythadendron": true,
      "betterend.lacugrove": true,
      "betterend.dragon_tree": true,
      "betterend.tenanea": true,
      "betterend.lucernia": true,
      "bewitchment.juniper": true,
      "bewitchment.cypress": true,
      "bewitchment.elder": true,
      "bewitchment.dragons_blood": true,
      "biomemakeover.blighted_balsa": true,
      "biomemakeover.willow": true,
      "biomemakeover.swamp_cypress": true,
      "biomemakeover.ancient_oak": true,
      "bwplus.yew": true,
      "byg.araucaria": true,
      "byg.flowering_baobab": true,
      "byg.ripe_baobab": true,
      "byg.blue_spruce": true,
      "byg.blooming_witch_hazel": true,
      "byg.brown_birch": true,
      "byg.brown_oak": true,
      "byg.brown_zelkova": true,
      "byg.flowering_orchard": true,
      "byg.flowering_palo_verde": true,
      "byg.holly_berry": true,
      "byg.indigo_jacaranda": true,
      "byg.flowering_jacaranda": true,
      "byg.flowering_indigo_jacaranda": true,
      "byg.joshua": true,
      "byg.flowering_joshua": true,
      "byg.ripe_joshua": true,
      "byg.orange_birch": true,
      "byg.orange_oak": true,
      "byg.orange_spruce": true,
      "byg.orchard": true,
      "byg.palo_verde": true,
      "byg.pink_cherry": true,
      "byg.red_birch": true,
      "byg.red_maple": true,
      "byg.red_oak": true,
      "byg.red_spruce": true,
      "byg.ripe_orchard": true,
      "byg.silver_maple": true,
      "byg.flowering_skyris": true,
      "byg.green_apple_skyris": true,
      "byg.white_cherry": true,
      "byg.yellow_birch": true,
      "byg.yellow_spruce": true,
      "byg.withering_oak": true,
      "byg.flowering_nightshade": true,
      "byg.firecracker": true,
      "byg.aspen": true,
      "byg.baobab": true,
      "byg.blue_enchanted": true,
      "byg.cika": true,
      "byg.cypress": true,
      "byg.ebony": true,
      "byg.ether": true,
      "byg.fir": true,
      "byg.green_enchanted": true,
      "byg.holly": true,
      "byg.lament": true,
      "byg.jacaranda": true,
      "byg.mahogany": true,
      "byg.white_mangrove": true,
      "byg.maple": true,
      "byg.nightshade": true,
      "byg.palm": true,
      "byg.pine": true,
      "byg.rainbow_eucalyptus": true,
      "byg.redwood": true,
      "byg.skyris": true,
      "byg.willow": true,
      "byg.witch_hazel": true,
      "byg.zelkova": true,
      "charm.ebony": true,
      "deeperdarker.echo": true,
      "vinery.grapevine": true,
      "vinery.cherry": true,
      "vinery.apple": true,
      "ecologics.coconut": true,
      "ecologics.walnut": true,
      "edenring.auritis": true,
      "meadow.pine": true,
      "minecells.wilted": true,
      "minecells.orange_wilted": true,
      "minecells.red_wilted": true,
      "paradise_lost.mother_aurel": true,
      "paradise_lost.orange": true,
      "paradise_lost.rose_wisteria": true,
      "paradise_lost.frost_wisteria": true,
      "paradise_lost.lavender_wisteria": true,
      "paradise_lost.boreal_wisteria": true,
      "paradise_lost.aurel": true,
      "terrestria.rubber": true,
      "terrestria.cypress": true,
      "terrestria.willow": true,
      "terrestria.japanese_maple": true,
      "terrestria.rainbow_eucalyptus": true,
      "terrestria.sakura": true,
      "terrestria.yucca_palm": true,
      "terrestria.japanese_maple_shrub": true,
      "terrestria.dark_japanese_maple": true,
      "terrestria.jungle_palm": true,
      "wondrouswilds.yellow_birch": true,
      "wondrouswilds.orange_birch": true,
      "wondrouswilds.red_birch": true
    },
    "wood_type": {
      "ecologics.flowering_azalea": true,
      "ecologics.azalea": true,
      "ecologics.coconut": true,
      "ecologics.walnut": true,
      "betternether.nether_reed": true,
      "betternether.stalagnate": true,
      "betternether.willow": true,
      "betternether.wart": true,
      "betternether.rubeus": true,
      "betternether.mushroom_fir": true,
      "betternether.nether_mushroom": true,
      "betternether.anchor_tree": true,
      "betternether.nether_sakura": true,
      "architects_palette.twisted": true,
      "betterend.mossy_glowshroom": true,
      "betterend.pythadendron": true,
      "betterend.end_lotus": true,
      "betterend.lacugrove": true,
      "betterend.dragon_tree": true,
      "betterend.tenanea": true,
      "betterend.helix_tree": true,
      "betterend.umbrella_tree": true,
      "betterend.jellyshroom": true,
      "betterend.lucernia": true,
      "bewitchment.juniper": true,
      "bewitchment.cypress": true,
      "bewitchment.elder": true,
      "bewitchment.dragons_blood": true,
      "biomemakeover.blighted_balsa": true,
      "biomemakeover.willow": true,
      "biomemakeover.swamp_cypress": true,
      "biomemakeover.ancient_oak": true,
      "bwplus.yew": true,
      "byg.aspen": true,
      "byg.baobab": true,
      "byg.blue_enchanted": true,
      "byg.bulbis": true,
      "byg.cherry": true,
      "byg.cika": true,
      "byg.cypress": true,
      "byg.ebony": true,
      "byg.ether": true,
      "byg.fir": true,
      "byg.green_enchanted": true,
      "byg.holly": true,
      "byg.imparius": true,
      "byg.lament": true,
      "byg.jacaranda": true,
      "byg.mahogany": true,
      "byg.white_mangrove": true,
      "byg.maple": true,
      "byg.nightshade": true,
      "byg.palm": true,
      "byg.pine": true,
      "byg.rainbow_eucalyptus": true,
      "byg.redwood": true,
      "byg.skyris": true,
      "byg.willow": true,
      "byg.witch_hazel": true,
      "byg.zelkova": true,
      "byg.sythian": true,
      "charm.azalea": true,
      "charm.ebony": true,
      "cinderscapes.scorched": true,
      "cinderscapes.umbral": true,
      "deeperdarker.echo": true,
      "vinery.cherry": true,
      "edenring.auritis": true,
      "edenring.balloon_mushroom": true,
      "edenring.pulse_tree": true,
      "meadow.pine": true,
      "minecells.putrid": true,
      "paradise_lost.aurel": true,
      "paradise_lost.mother_aurel": true,
      "paradise_lost.orange": true,
      "paradise_lost.wisteria": true,
      "terrestria.redwood": true,
      "terrestria.hemlock": true,
      "terrestria.rubber": true,
      "terrestria.cypress": true,
      "terrestria.willow": true,
      "terrestria.japanese_maple": true,
      "terrestria.rainbow_eucalyptus": true,
      "terrestria.sakura": true,
      "terrestria.yucca_palm": true
    }
  },
  "entries": {
    "leaves_type": {},
    "wood_type": {
      "twigs.table": true,
      "architects_palette.boards": true,
      "architects_palette.board_stairs": true,
      "another_furniture.table": true,
      "friendsandfoes.beehive": true,
      "another_furniture.shelf": true,
      "decorative_blocks.beam": true,
      "decorative_blocks.support": true,
      "decorative_blocks.seat": true,
      "decorative_blocks.palisade": true,
      "farmersdelight.cabinet": true,
      "architects_palette.railing": true,
      "architects_palette.board_wall": true,
      "another_furniture.drawer": true,
      "another_furniture.shutter": true,
      "another_furniture.planter_box": true,
      "another_furniture.bench": true,
      "architects_palette.board_slab": true,
      "another_furniture.chair": true
    }
  }
}