{
    "globalSettings": {
        "configVersion": 10,
        "printBiomes": false,
        "globalDebug": false,
        "enable3rdPersonFlying": false,
        "enableFlyingGravity": true,
        "disableUiOverlay": false,
        "mobCap": 10,
        "mobCapRange": 192
    },
    "biomeGroups": {
        "deserts": ["minecraft:badlands", "minecraft:minecraft:wooded_badlands", "minecraft:eroded_badlands", "minecraft:savanna", "minecraft:savanna_plateau", "minecraft:windswept_savanna", "minecraft:desert"],
        "jungles": ["minecraft:jungle", "minecraft:sparse_jungle", "minecraft:bamboo_jungle"],
        "temperate": ["minecraft:plains","minecraft:sunflower_plains", "minecraft:forest", "minecraft:flower_forest", "minecraft:birch_forest", "minecraft:dark_forest", "minecraft:mushroom_fields"],
        "shores": ["minecraft:beach","minecraft:snowy_beach", "minecraft:stony_shore"],
        "swamps": ["minecraft:swamp", "minecraft:mangrove_swamp"],
        "cold": ["minecraft:windswept_hills", "minecraft:windswept_gravelly_hills", "minecraft:windswept_forest", "minecraft:grove", "minecraft:meadow", "minecraft:snowy_slopes", "minecraft:frozen_peaks", "minecraft:jagged_peaks", "minecraft:stony_peaks", "minecraft:snowy_taiga"],
        "snowy": [ "minecraft:snowy_slopes", "minecraft:frozen_peaks", "minecraft:snowy_plains", "minecraft:snowy_taiga", "minecraft:snowy_slopes", "minecraft:snowy_beach"],
        "mountains": ["minecraft:windswept_hills", "minecraft:windswept_gravelly_hills", "minecraft:windswept_forest", "minecraft:grove", "minecraft:meadow", "minecraft:snowy_slopes", "minecraft:frozen_peaks", "minecraft:jagged_peaks", "minecraft:stony_peaks"],
        "forests": ["minecraft:forest", "minecraft:flower_forest", "minecraft:birch_forest", "minecraft:dark_forest", "minecraft:mushroom_fields", "minecraft:taiga"],
        "warmForests": ["minecraft:forest", "minecraft:flower_forest", "minecraft:birch_forest", "minecraft:dark_forest", "minecraft:mushroom_fields"],
        "oldForests": ["minecraft:old_growth_spruce_taiga", "minecraft:old_growth_pine_taiga;", "Giant Tree Taiga Hills", "Giant Spruce Taiga Hills", "Giant Tree Taiga", "Giant Spruce Taiga"],
        "snowyForests": ["minecraft:grove", "minecraft:snowy_taiga"]
    },
    "itemGroups": {
        "flowerItems": ["sugar", "dandelion", "poppy", "blue_orchid", "allium", "azure_bluet", "red_tulip", "orange_tulip", "white_tulip", "pink_tulip", "oxeye_daisy", "cornflower", "lily_of_the_valley", "lilac", "rose_bush", "peony", "flowering_azalea_leaves"],
        "grassItems": ["hay", "grass", "fern", "tall_grass", "large_fern", "bamboo"],
        "leafItems": ["oak_leaves", "spruce_leaves", "birch_leaves", "jungle_leaves", "acacia_leaves", "dark_oak_leaves", "azalea_leaves", "flowering_azalea_leaves", "lily_pad", "small_dripleaf", "big_dripleaf"],
        "mushroomItems": ["brown_mushroom", "red_mushroom", "crimson_fungus", "warped_fungus"],
        "rootItems": ["cave_vines", "vines", "hanging_roots", "glow_lichen", "crimson_roots", "warped_roots", "nether_wart", "cactus"],
        "seedItems": ["wheat_seeds", "melon_seeds", "pumpkin_seeds", "beetroot_seeds", "sweet_berries"],
        "vegetableItems": ["potato", "carrot", "beetroot"],
        "fruitItems": ["sweet_berries", "melon_slice", "apple", "glow_berries"],
        "seaweedItems": ["seagrass", "kelp", "tall_seagrass"],
        "fishItems": ["salmon", "cod", "tropical_fish", "pufferfish"],
        "meatItems": ["rabbit", "chicken", "mutton", "beef", "porkchop", "egg"],
        "scavengerItems": ["egg", "rotten_flesh", "spider_eye"]
    },
    "itemGroupCategories": {
        "nectar": ["flowerItems", "fruitItems"],
        "leafyHerbivore": ["grassItems", "leafItems", "flowerItems"],
        "heartyHerbivore": ["vegetableItems", "fruitItems", "mushroomItems"],
        "herbivore": ["grassItems", "leafItems", "flowerItems", "vegetableItems", "fruitItems", "mushroomItems"],
        "omnivore": ["vegetableItems", "fruitItems", "mushroomItems", "meatItems", "scavengerItems"],
        "carnivore": ["meatItems", "fishItems"],
        "scavenger": ["scavengerItems", "vegetableItems", "fruitItems", "mushroomItems"],
        "piscivore": ["seaweedItems", "fishItems"],
        "oceanScavenger": ["seaweedItems", "scavengerItems", "fishItems", "vegetableItems"]
    },
    "spawnCategories": {
        "CourierBirdSpawnSettings": {
            "shouldSpawn": true,
            "spawnDebug": false,
            "spawnWeight": 12,
            "spawnRandomChance": 100,
            "chunkFreq": 0,
            "chunkOffset": 0,
            "spawnType": "overworld",
            "minSpawnGroupSize": 2,
            "maxSpawnGroupSize": 4
        },
        "DireWolfSpawnSettings": {
            "shouldSpawn": true,
            "spawnDebug": false,
            "spawnWeight": 10,
            "spawnRandomChance": 100,
            "chunkFreq": 0,
            "chunkOffset": 0,
            "spawnType": "overworld",
            "minSpawnGroupSize": 2,
            "maxSpawnGroupSize": 4
        },
        "DragonSpawnSettings": {
            "shouldSpawn": true,
            "spawnDebug": false,
            "spawnWeight": 100,
            "spawnRandomChance": 10,
            "chunkFreq": 3,
            "chunkOffset": 0,
            "spawnType": "subterranean",
            "minSpawnGroupSize": 1,
            "maxSpawnGroupSize": 1,
            "maxIn256Region": 1
        },
        "GriffonSpawnSettings": {
            "shouldSpawn": true,
            "spawnDebug": false,
            "spawnWeight": 10,
            "spawnYCeiling": 50000,
            "spawnYFloor": 100,
            "spawnRandomChance": 70,
            "chunkFreq": 0,
            "chunkOffset": 0,
            "spawnType": "overworld",
            "minSpawnGroupSize": 1,
            "maxSpawnGroupSize": 1
        },
        "GeckotoaSpawnSettings": {
            "shouldSpawn": true,
            "spawnDebug": false,
            "spawnWeight": 50,
            "spawnYCeiling": 50000,
            "spawnYFloor": 60,
            "spawnRandomChance": 100,
            "chunkFreq": 3,
            "chunkOffset": 1,
            "spawnType": "subterranean",
            "minSpawnGroupSize": 1,
            "maxSpawnGroupSize": 1,
            "maxIn256Region": 1
        },
        "MothSpawnSettings": {
            "shouldSpawn": true,
            "spawnDebug": false,
            "spawnWeight": 10,
            "spawnRandomChance": 70,
            "chunkFreq": 0,
            "chunkOffset": 0,
            "spawnType": "overworld",
            "minSpawnGroupSize": 1,
            "maxSpawnGroupSize": 1
        },
        "ColelytraSpawnSettings": {
            "shouldSpawn": true,
            "spawnDebug": false,
            "spawnWeight": 10,
            "spawnRandomChance": 100,
            "chunkFreq": 0,
            "chunkOffset": 0,
            "spawnType": "overworld",
            "minSpawnGroupSize": 3,
            "maxSpawnGroupSize": 3
        },
        "NetherBatSpawnSettings": {
            "shouldSpawn": true,
            "spawnDebug": false,
            "spawnWeight": 50,
            "spawnRandomChance": 100,
            "chunkFreq": 5,
            "chunkOffset": 0,
            "spawnType": "nether",
            "minSpawnGroupSize": 1,
            "maxSpawnGroupSize": 1,
            "maxIn256Region": 4
        },
        "NudibranchSpawnSettings": {
            "shouldSpawn": true,
            "spawnDebug": false,
            "spawnWeight": 20,
            "spawnRandomChance": 100,
            "chunkFreq": 0,
            "chunkOffset": 0,
            "spawnType": "water",
            "minSpawnGroupSize": 2,
            "maxSpawnGroupSize": 4
        },
        "RidingLizardSpawnSettings": {
            "shouldSpawn": true,
            "spawnDebug": false,
            "spawnWeight": 1,
            "spawnRandomChance": 50,
            "chunkFreq": 5,
            "chunkOffset": 0,
            "spawnType": "overworld",
            "minSpawnGroupSize": 2,
            "maxSpawnGroupSize": 3
        },
        "NightmareSpawnSettings": {
            "shouldSpawn": true,
            "spawnDebug": false,
            "spawnWeight": 100,
            "spawnRandomChance": 25,
            "chunkFreq": 5,
            "chunkOffset": 0,
            "spawnType": "nether",
            "minSpawnGroupSize": 2,
            "maxSpawnGroupSize": 3,
            "maxIn256Region": 5
        },
        "AcenciaSpawnSettings": {
            "shouldSpawn": true,
            "spawnDebug": false,
            "spawnWeight": 10,
            "spawnRandomChance": 100,
            "chunkFreq": 0,
            "chunkOffset": 0,
            "spawnType": "overworld",
            "a": 2,
            "maxSpawnGroupSize": 3
        },
        "ArchelonSpawnSettings": {
            "shouldSpawn": true,
            "spawnDebug": false,
            "spawnWeight": 1,
            "spawnRandomChance": 10,
            "chunkFreq": 5,
            "chunkOffset": 0,
            "spawnType": "water",
            "minSpawnGroupSize": 1,
            "maxSpawnGroupSize": 1,
            "maxIn256Region": 2
        },
       "FirebirdSpawnSettings": {
            "shouldSpawn": true,
            "spawnDebug": false,
            "spawnWeight": 1,
            "spawnRandomChance": 2,
            "spawnYCeiling": 50000,
            "spawnYFloor": 60,
            "chunkFreq": 0,
            "chunkOffset": 0,
            "spawnType": "village",
            "minSpawnGroupSize": 1,
            "maxSpawnGroupSize": 1,
            "maxIn256Region": 1
        }
    },
    "mobConfig": {
        "ACENCIA": {
            "health": 280,
            "speed": 0.44999998807907104,
            "attack": 10,
            "inventorySize": 4,
            "spawnCategory" : "AcenciaSpawnSettings",
            "spawnBiomes": ["snowyForests"],
            "diet": "carnivore",
            "tamingChance": 10,
            "tamingItems": ["mutton","salmon"],
            "breedingItems": ["rabbit", "chicken", "mutton", "salmon"],
            "foodItems": ["meatItems"],
            "hostileToMobs": ["minecraft:rabbit","minecraft:sheep","minecraft:goat","minecraft:chicken"],
            "playerHostile": false,
            "fleeFromPlayer": false,
            "battleWithOwner": true,
            "loudness": 100
        },
        "ARCHELON": {
            "health": 600,
            "speed": 0.14999998807907104,
            "attack": 6,
            "inventorySize": 10,
            "spawnCategory" : "ArchelonSpawnSettings",
            "spawnBiomes": ["minecraft:deep_lukewarm_ocean"],
            "diet": "omnivore",
            "tamingChance": 10,
            "tamingItems": ["cod","salmon"],
            "breedingItems": ["cod","salmon"],
            "foodItems": ["piscivore"],
            "hostileToMobs": ["minecraft:salmon"],
            "playerHostile": false,
            "fleeFromPlayer": false,
            "battleWithOwner": false,
            "loudness": 75
        },
        "COURIER_BIRD": {
            "health": 200,
            "speed": 0.44999998807907104,
            "attack": 4,
            "inventorySize": 3,
            "spawnCategory" : "CourierBirdSpawnSettings",
            "spawnBiomes": ["jungles"],
            "diet": "herbivore",
            "tamingChance": 10,
            "tamingItems": ["sweet_berries"],
            "foodItems": ["fruitItems"],
            "breedingItems": ["sweet_berries", "melon_slice"],
            "hostileToMobs": [],
            "playerHostile": false,
            "fleeFromPlayer": true,
            "battleWithOwner": true,
            "loudness": 100
        },
        "DIREWOLF": {
            "health": 300,
            "speed": 0.44999998807907104,
            "attack": 7,
            "inventorySize": 4,
            "spawnCategory" : "DireWolfSpawnSettings",
            "spawnBiomes": ["oldForests"],
            "diet": "carnivore",
            "tamingChance": 10,
            "tamingItems": ["bone"],
            "breedingItems": ["rabbit","chicken","mutton","beef","porkchop"],
            "foodItems": ["meatItems"],
            "hostileToMobs": ["minecraft:sheep","minecraft:skeleton"],
            "playerHostile": false,
            "fleeFromPlayer": false,
            "battleWithOwner": true,
            "loudness": 100
        },
        "DRAGON": {
            "health": 400,
            "speed": 0.44999998807907104,
            "attack": 10,
            "inventorySize": 9,
            "spawnCategory" : "DragonSpawnSettings",
            "spawnBiomes": ["All Overworld"],
            "diet": "carnivore",
            "tamingChance": 5,
            "tamingItems": ["gold_ingot","diamond","emerald"],
            "foodItems": ["meatItems"],
            "breedingItems": ["golden_carrot","golden_apple","glistering_melon_slice"],
            "hostileToMobs": [],
            "playerHostile": true,
            "fleeFromPlayer": false,
            "battleWithOwner": true,
            "loudness": 100,
            "specialAbilitiesEnabled": true
        },
        "GRIFFON": {
            "health": 350,
            "speed": 0.44999998807907104,
            "attack": 7,
            "inventorySize": 4,
            "spawnCategory" : "GriffonSpawnSettings",
            "spawnBiomes": ["minecraft:windswept_gravelly_hills","minecraft:windswept_forest","minecraft:snowy_slopes","minecraft:jagged_peaks","minecraft:windswept_hills;"],
            "diet": "carnivore",
            "tamingChance": 10,
            "tamingItems": ["rabbit","mutton"],
            "breedingItems": ["rabbit","mutton"],
            "foodItems": ["meatItems"],
            "hostileToMobs": ["minecraft:sheep","minecraft:rabbit"],
            "playerHostile": false,
            "fleeFromPlayer": false,
            "battleWithOwner": true,
            "loudness": 50
        },
        "GECKOTOA": {
            "health": 350,
            "speed": 0.44999998807907104,
            "attack": 4,
            "inventorySize": 9,
            "spawnCategory" : "GeckotoaSpawnSettings",
            "spawnBiomes": ["All Overworld"],
            "diet": "omnivore",
            "tamingChance": 10,
            "tamingItems": ["melon","pumpkin","hay_block"],
            "foodItems": ["heartyHerbivore"],
            "breedingItems": ["melon","pumpkin","hay_block"],
            "hostileToMobs": [],
            "playerHostile": false,
            "fleeFromPlayer": false,
            "battleWithOwner": false,
            "loudness": 50,
            "specialAbilitiesEnabled": true
        },
        "MOTH": {
            "health": 100,
            "speed": 0.44999998807907104,
            "attack": 2,
            "inventorySize": 2,
            "spawnCategory" : "MothSpawnSettings",
            "spawnBiomes": ["Dark Forest Hills","Dark Forest"],
            "diet": "herbivore",
            "tamingChance": 10,
            "seekingBlocks": ["minecraft:torch", "minecraft:redstone_torch", "minecraft:soul_torch"],
            "tamingItems": ["flowerItems"],
            "breedingItems": ["sugar","melon_slice","glistering_melon_slice"],
            "foodItems": ["nectar"],
            "hostileToMobs": [],
            "playerHostile": false,
            "fleeFromPlayer": false,
            "battleWithOwner": false,
            "loudness": 100
        },
        "COLELYTRA": {
            "health": 140,
            "speed": 0.44999998807907104,
            "attack": 2,
            "inventorySize": 5,
            "spawnCategory" : "ColelytraSpawnSettings",
            "spawnBiomes": ["minecraft:mushroom_fields"],
            "diet": "herbivore",
            "tamingChance": 10,
            "tamingItems": ["flowerItems","mushroomItems"],
            "breedingItems": ["mushroomItems"],
            "foodItems": ["flowerItems","mushroomItems"],
            "hostileToMobs": [],
            "playerHostile": false,
            "fleeFromPlayer": false,
            "battleWithOwner": false,
            "loudness": 100
        },
        "NETHER_BAT": {
            "health": 250,
            "speed": 0.44999998807907104,
            "attack": 4,
            "inventorySize": 3,
            "spawnCategory" : "NetherBatSpawnSettings",
            "spawnBiomes": ["Crimson Forest","Warped Forest"],
            "diet": "omnivore",
            "tamingChance": 10,
            "tamingItems": ["porkchop"],
            "breedingItems": ["porkchop","apple","rotten_flesh"],
            "foodItems": ["scavenger"],
            "hostileToMobs": [],
            "playerHostile": true,
            "fleeFromPlayer": false,
            "battleWithOwner": true,
            "loudness": 100
        },
        "NUDIBRANCH": {
            "health": 250,
            "speed": 0.44999998807907104,
            "attack": 3,
            "inventorySize": 3,
            "spawnCategory" : "NudibranchSpawnSettings",
            "spawnBiomes": ["Warm Ocean"],
            "spawnBlocks": ["minecraft:brain_coral_block","minecraft:bubble_coral_block","minecraft:fire_coral_block","minecraft:horn_coral_block","minecraft:tube_coral_block"],
            "diet": "herbivore",
            "tamingChance": 10,
            "tamingItems": ["seagrass"],
            "foodItems": ["seaweedItems"],
            "breedingItems": ["kelp"],
            "hostileToMobs": [],
            "playerHostile": false,
            "fleeFromPlayer": false,
            "battleWithOwner": false,
            "loudness": 100,
            "specialAbilitiesEnabled": true
        },
        "RIDING_LIZARD": {
            "health": 200,
            "speed": 0.44999998807907104,
            "attack": 3,
            "inventorySize": 2,
            "spawnCategory" : "RidingLizardSpawnSettings",
            "spawnBiomes": ["Desert"],
            "diet": "carnivore",
            "tamingChance": 10,
            "tamingItems": ["rabbit", "chicken"],
            "breedingItems": ["rabbit", "chicken", "pumpkin", "rotten_flesh"],
            "foodItems": ["scavenger"],
            "hostileToMobs": ["minecraft:rabbit","minecraft:chicken"],
            "playerHostile": true,
            "fleeFromPlayer": false,
            "battleWithOwner": true,
            "loudness": 100
        },
        "FIREBIRD": {
            "health": 200,
            "speed": 0.44999998807907104,
            "attack": 3,
            "inventorySize": 3,
            "spawnCategory" : "FirebirdSpawnSettings",
            "spawnBiomes": ["all overworld"],
            "diet": "herbivore",
            "tamingChance": 10,
            "tamingItems": ["golden_apple"],
            "breedingItems": ["golden_apple"],
            "foodItems": ["golden_apple"],
            "hostileToMobs": [],
            "playerHostile": false,
            "fleeFromPlayer": false,
            "battleWithOwner": true,
            "loudness": 100
        },
        "NIGHTMARE": {
            "health": 350,
            "speed": 0.44999998807907104,
            "attack": 5,
            "inventorySize": 4,
            "spawnCategory" : "NightmareSpawnSettings",
            "spawnBiomes": ["minecraft:basalt_deltas", "minecraft:soul_sand_valley"],
            "diet": "omnivore",
            "tamingChance": 3,
            "tamingItems": ["bone", "coal", "charcoal"],
            "breedingItems": ["blaze_rod","fire_charge"],
            "hostileToMobs":  ["minecraft:skeleton","minecraft:wither_skeleton"],
            "foodItems": ["mushroomItems","rootItems","bone", "coal", "charcoal","blaze_rod","fire_charge"],
            "playerHostile": true,
            "fleeFromPlayer": false,
            "battleWithOwner": true,
            "loudness": 100
        }
    }
}