{
  "performVersionCheck": true,
  "origins": {
    "origins:enderian": {
      "enabled": true,
      "origins:throw_ender_pearl": true,
      "origins:water_vulnerability": true,
      "origins:pumpkin_hate": true,
      "origins:extra_reach": true,
      "origins:ender_particles": true,
      "origins:damage_from_potions": true
    },
    "origins:feline": {
      "enabled": true,
      "origins:fall_immunity": true,
      "origins:sprint_jump": true,
      "origins:velvet_paws": true,
      "origins:nine_lives": true,
      "origins:weak_arms": true,
      "origins:scare_creepers": true,
      "origins:cat_vision": true
    },
    "medievalorigins:dwarf": {
      "enabled": true,
      "medievalorigins:dwarf/dwarven_tech": true,
      "medievalorigins:dwarf/nocturnal_eyes": true,
      "medievalorigins:dwarf/potent_brew": true,
      "medievalorigins:dwarf/miniature": true,
      "medievalorigins:dwarf/darkness_dweller": true,
      "medievalorigins:dwarf/dense": true,
      "medievalorigins:dwarf/photoallergic": true,
      "medievalorigins:dwarf/pickaxeless_stone": true
    },
    "origins:elytrian": {
      "enabled": true,
      "origins:elytra": true,
      "origins:launch_into_air": true,
      "origins:aerial_combatant": true,
      "origins:light_armor": true,
      "origins:claustrophobia": true,
      "origins:more_kinetic_damage": true
    },
    "medievalorigins:necromancer": {
      "enabled": true,
      "medievalorigins:necromancer/hellraiser": true,
      "medievalorigins:necromancer/resilient": true,
      "medievalorigins:necromancer/impervious": true,
      "medievalorigins:necromancer/poor_reputation": true,
      "medievalorigins:necromancer/black_thumb": true,
      "medievalorigins:necromancer/disturbed": true,
      "medievalorigins:necromancer/unguarded": true
    },
    "medievalorigins:pixie": {
      "enabled": true,
      "medievalorigins:pixie/pixie_properties": true,
      "medievalorigins:pixie/feather_footed": true,
      "medievalorigins:pixie/flight": true,
      "medievalorigins:pixie/good_fortunes": true,
      "medievalorigins:pixie/mischief_maketh_man": true,
      "medievalorigins:pixie/curse_of_flight": true,
      "medievalorigins:pixie/soaked": true,
      "medievalorigins:pixie/troublemaker": true
    },
    "medievalorigins:plague_victim": {
      "enabled": true,
      "medievalorigins:plague_victim/foul_aura": true,
      "medievalorigins:plague_victim/plague_immunity": true,
      "medievalorigins:plague_victim/risk_of_transmission": true,
      "medievalorigins:plague_victim/contagious": true,
      "medievalorigins:plague_victim/insomniac": true,
      "medievalorigins:plague_victim/sensitive_skin": true,
      "medievalorigins:plague_victim/skin_and_bones": true
    },
    "medievalorigins:daemon": {
      "enabled": true,
      "medievalorigins:daemon/daemon_fire": true,
      "medievalorigins:daemon/hellborne": true,
      "medievalorigins:daemon/carnivore": true,
      "medievalorigins:daemon/unholy_deal": true,
      "medievalorigins:daemon/hydrophobe": true,
      "medievalorigins:daemon/impure": true,
      "medievalorigins:daemon/overworld_weakness": true,
      "origins:heat_resistance": true
    },
    "medievalorigins:banshee": {
      "enabled": true,
      "medievalorigins:banshee/ethereal": true,
      "medievalorigins:banshee/hexed": true,
      "medievalorigins:banshee/sonic_shriek": true,
      "medievalorigins:banshee/flesheater": true,
      "medievalorigins:banshee/iron_aversion": true,
      "medievalorigins:banshee/immaterial": true
    },
    "medievalorigins:gorgon": {
      "enabled": true,
      "medievalorigins:gorgon/serpentine_companions": true,
      "medievalorigins:gorgon/stony_gaze": true,
      "medievalorigins:gorgon/super_strength": true,
      "medievalorigins:gorgon/hydrophobe": true,
      "medievalorigins:gorgon/petrification": true,
      "medievalorigins:gorgon/silver_aversion": true
    },
    "origins:phantom": {
      "enabled": true,
      "origins:phantomize": true,
      "origins:translucent": true,
      "origins:phasing": true,
      "origins:invisibility": true,
      "origins:burn_in_daylight": true,
      "origins:hunger_over_time": true,
      "origins:fragile": true,
      "origins:phantomize_overlay": true
    },
    "medievalorigins:knight": {
      "enabled": true,
      "medievalorigins:knight/for_honour_and_glory": true,
      "medievalorigins:knight/skilled_swordsman": true,
      "medievalorigins:knight/valour": true,
      "medievalorigins:knight/burdened": true,
      "medievalorigins:knight/magic_prone": true,
      "medievalorigins:knight/melee4ever": true
    },
    "origins:blazeborn": {
      "enabled": true,
      "origins:fire_immunity": true,
      "origins:nether_spawn": true,
      "origins:burning_wrath": true,
      "origins:hotblooded": true,
      "origins:water_vulnerability": true,
      "origins:flame_particles": true,
      "origins:damage_from_snowballs": true,
      "origins:damage_from_potions": true,
      "origins:heat_resistance": true
    },
    "origins:avian": {
      "enabled": true,
      "origins:slow_falling": true,
      "origins:fresh_air": true,
      "origins:like_air": true,
      "origins:tailwind": true,
      "origins:lay_eggs": true,
      "origins:vegetarian": true
    },
    "medievalorigins:werewolf": {
      "enabled": false,
      "medievalorigins:werewolf/lycanthropy": true,
      "medievalorigins:werewolf/carnivore": true,
      "medievalorigins:werewolf/silver_aversion": true,
      "medievalorigins:werewolf/drained": true,
      "medievalorigins:werewolf/insatiable_hunger": true
    },
    "icarus:icarae": {
      "enabled": true,
      "icarus:powered_flight": true,
      "origins:aerial_combatant": true,
      "icarus:hollow_bones": true,
      "origins:no_shield": true,
      "origins:carnivore": true,
      "icarus:wings": true
    },
    "medievalorigins:elf": {
      "enabled": true,
      "medievalorigins:elf/archer": true,
      "medievalorigins:elf/forest_vision": true,
      "medievalorigins:elf/hyper_sight": true,
      "medievalorigins:elf/towering": true,
      "medievalorigins:elf/steward": true,
      "medievalorigins:elf/spindly": true,
      "medievalorigins:elf/weak_melee": true
    },
    "medievalorigins:fae": {
      "enabled": true,
      "medievalorigins:fae/levitation": true,
      "medievalorigins:fae/magic_resistance": true,
      "medievalorigins:fae/regen": true,
      "medievalorigins:fae/allure": true,
      "medievalorigins:fae/diminutive": true,
      "medievalorigins:fae/iron_aversion": true
    },
    "origins:human": {
      "enabled": true
    },
    "medievalorigins:goblin": {
      "enabled": true,
      "medievalorigins:goblin/cunning": true,
      "medievalorigins:goblin/greedy": true,
      "medievalorigins:goblin/nippy": true,
      "medievalorigins:goblin/stunted": true,
      "medievalorigins:goblin/frail": true
    },
    "medievalorigins:yeti": {
      "enabled": true,
      "medievalorigins:yeti/frigid_pulse": true,
      "medievalorigins:yeti/from_whence_you_came": true,
      "medievalorigins:yeti/frosty_breath": true,
      "medievalorigins:yeti/titanic": true,
      "medievalorigins:yeti/unstoppable": true,
      "medievalorigins:yeti/winter_body": true,
      "medievalorigins:yeti/flammable": true,
      "medievalorigins:yeti/thick_fur": true,
      "origins:cold_resistance": true
    },
    "medievalorigins:siren": {
      "enabled": true,
      "medievalorigins:siren/siren_song": true,
      "medievalorigins:siren/amphibious": true,
      "medievalorigins:siren/holy_water": true,
      "medievalorigins:siren/out_of_your_depth": true,
      "medievalorigins:siren/prone": true,
      "medievalorigins:siren/flammable": true,
      "medievalorigins:siren/water_vision": true
    },
    "origins:shulk": {
      "enabled": true,
      "origins:shulker_inventory": true,
      "origins:natural_armor": true,
      "origins:strong_arms": true,
      "origins:strong_arms_break_speed": true,
      "origins:no_shield": true,
      "origins:more_exhaustion": true
    },
    "origins:merling": {
      "enabled": true,
      "origins:water_breathing": true,
      "origins:water_vision": true,
      "origins:aqua_affinity": true,
      "origins:swim_speed": true,
      "origins:like_water": true,
      "origins:aquatic": true,
      "origins:conduit_power_on_land": true,
      "origins:air_from_potions": true
    },
    "medievalorigins:ogre": {
      "enabled": true,
      "medievalorigins:ogre/charge": true,
      "medievalorigins:ogre/lead_belly": true,
      "medievalorigins:ogre/stocky": true,
      "medievalorigins:ogre/gargantuan": true,
      "medievalorigins:ogre/ravenous": true,
      "medievalorigins:ogre/sluggish": true,
      "medievalorigins:ogre/xxxl": true,
      "medievalorigins:ogre/unweildy": true,
      "medievalorigins:ogre/ogre_properties": true
    },
    "origins:arachnid": {
      "enabled": true,
      "origins:climbing": true,
      "origins:master_of_webs": true,
      "origins:carnivore": true,
      "origins:fragile": true,
      "origins:arthropod": true
    },
    "medievalorigins:troll": {
      "enabled": false,
      "medievalorigins:troll/ironhide": true,
      "medievalorigins:troll/rock_throw": true,
      "medievalorigins:troll/thunderous_stride": true,
      "medievalorigins:troll/ham_fisted": true,
      "medievalorigins:troll/mountainous": true,
      "medievalorigins:troll/apex_predator": true,
      "medievalorigins:troll/lumbering": true,
      "medievalorigins:troll/old_blood": true,
      "medievalorigins:troll/out_of_stock": true
    },
    "medievalorigins:arachnae": {
      "enabled": true,
      "medievalorigins:arachnae/climber": true,
      "medievalorigins:arachnae/many_eyes": true,
      "medievalorigins:arachnae/venomous_bite": true,
      "medievalorigins:arachnae/web_slinger": true,
      "medievalorigins:arachnae/bottomless_stomach": true,
      "medievalorigins:arachnae/brittle": true,
      "medievalorigins:arachnae/fragile_exoskeleton": true
    },
    "medievalorigins:paladin": {
      "enabled": true,
      "medievalorigins:paladin/holy_fire": true,
      "medievalorigins:paladin/holy_instruments": true,
      "medievalorigins:paladin/leech": true,
      "medievalorigins:paladin/holy_curse": true,
      "medievalorigins:paladin/well_built": true
    },
    "rpg_origins:cleric": {
      "enabled": true,
      "rpg_origins:villagefriendly": true,
      "rpg_origins:not_the_strongest": true,
      "rpg_origins:brewer_jumpboost": true,
      "rpg_origins:brewer_speed": true,
      "rpg_origins:brewer_strength": true,
      "rpg_origins:brewer_regeneration": true,
      "rpg_origins:heal_pool": true,
      "rpg_origins:forgivable": true
    },
    "rpg_origins:knight": {
      "enabled": true,
      "rpg_origins:sword": true,
      "origins:more_exhaustion": true,
      "rpg_origins:experienced": true,
      "rpg_origins:durable": true,
      "rpg_origins:prepared": true,
      "rpg_origins:trained": true
    },
    "rpg_origins:brute": {
      "enabled": true,
      "rpg_origins:no_time_to_rest": true,
      "origins:no_shield": true,
      "origins:strong_arms": true,
      "rpg_origins:select_targets_strong": true,
      "origins:strong_arms_break_speed": true,
      "origins:natural_armor": true,
      "rpg_origins:select_targets_weak": true
    },
    "rpg_origins:mage": {
      "enabled": true,
      "rpg_origins:fastcure": true,
      "rpg_origins:not_the_strongest": true,
      "rpg_origins:fireball": true,
      "rpg_origins:water_walk": true,
      "rpg_origins:unwieldly": true
    },
    "rpg_origins:thief": {
      "enabled": true,
      "rpg_origins:speedy": true,
      "rpg_origins:stealthy": true,
      "origins:no_shield": true,
      "rpg_origins:better_unnoticed": true,
      "rpg_origins:uneasy_alliance": true,
      "rpg_origins:thefty": true,
      "rpg_origins:stealthy_damage": true
    },
    "rpg_origins:archer": {
      "enabled": true,
      "rpg_origins:marksman": true,
      "rpg_origins:not_the_strongest": true,
      "rpg_origins:inexperienced": true,
      "rpg_origins:resourceful": true,
      "rpg_origins:quiver": true
    },
    "digs_dnd_origins:dragonborn/green": {
      "enabled": true,
      "digs_dnd_origins:dragonborn/green/ability_score_increase": true,
      "digs_dnd_origins:dragonborn/green/size": true,
      "digs_dnd_origins:dragonborn/green/breath_weapon": true,
      "digs_dnd_origins:dragonborn/green/damage_resistance": true,
      "digs_dnd_origins:dragonborn/green/humid_habitat": true,
      "digs_dnd_origins:dragonborn/green/scales": true,
      "origins:more_exhaustion": true
    },
    "digs_dnd_origins:variant_human/feats/skilled": {
      "enabled": true,
      "digs_dnd_origins:variant_human/feats/skilled": true
    },
    "digs_dnd_origins:variant_human/feats/sentinel": {
      "enabled": true,
      "digs_dnd_origins:variant_human/feats/sentinel": true
    },
    "digs_dnd_origins:variant_human/feats/charger": {
      "enabled": true,
      "digs_dnd_origins:variant_human/feats/charger": true
    },
    "digs_dnd_origins:variant_human/feats/moderately_armored": {
      "enabled": true,
      "digs_dnd_origins:variant_human/feats/moderately_armored": true
    },
    "digs_dnd_origins:elf/high": {
      "enabled": true,
      "digs_dnd_origins:elf/high/ability_score_increase": true,
      "digs_dnd_origins:elf/high/size": true,
      "digs_dnd_origins:elf/high/darkvision": true,
      "digs_dnd_origins:elf/high/trance": true,
      "digs_dnd_origins:elf/high/elf_weapon_training": true,
      "digs_dnd_origins:elf/high/cantrip": true
    },
    "digs_dnd_origins:gnome/rock": {
      "enabled": true,
      "digs_dnd_origins:gnome/rock/size": true,
      "digs_dnd_origins:gnome/rock/speed": true,
      "digs_dnd_origins:gnome/rock/darkvision": true,
      "digs_dnd_origins:gnome/rock/tinker": true
    },
    "digs_dnd_origins:dragonborn/brass": {
      "enabled": true,
      "digs_dnd_origins:dragonborn/brass/ability_score_increase": true,
      "digs_dnd_origins:dragonborn/brass/size": true,
      "digs_dnd_origins:dragonborn/brass/breath_weapon": true,
      "digs_dnd_origins:dragonborn/brass/damage_resistance": true,
      "digs_dnd_origins:dragonborn/brass/arid_habitat": true,
      "digs_dnd_origins:dragonborn/brass/scales": true,
      "origins:more_exhaustion": true
    },
    "digs_dnd_origins:half-elf/skills/nature": {
      "enabled": true,
      "digs_dnd_origins:half-elf/skills/nature": true
    },
    "digs_dnd_origins:half-elf/skills/arcana": {
      "enabled": true,
      "digs_dnd_origins:half-elf/skills/arcana": true
    },
    "digs_dnd_origins:half-elf/skills/stealth": {
      "enabled": true,
      "digs_dnd_origins:half-elf/skills/stealth": true
    },
    "digs_dnd_origins:half-elf/skills/athletics": {
      "enabled": true,
      "digs_dnd_origins:half-elf/skills/athletics": true
    },
    "rpg_origins:bard": {
      "enabled": true,
      "rpg_origins:horn_effects/ponder": true,
      "rpg_origins:horn_effects/sing": true,
      "rpg_origins:horn_effects/feel": true,
      "rpg_origins:horn_effects/admire": true,
      "rpg_origins:horn_effects/call": true,
      "rpg_origins:horn_effects/dream": true,
      "rpg_origins:horn_effects/seek": true,
      "rpg_origins:horn_effects/yearn": true,
      "rpg_origins:horn_effects/musical_talent": true,
      "rpg_origins:musical_past": true,
      "rpg_origins:decoy": true,
      "origins:more_exhaustion": true,
      "rpg_origins:not_the_smartest": true
    },
    "digs_dnd_origins:dragonborn/red": {
      "enabled": true,
      "digs_dnd_origins:dragonborn/red/ability_score_increase": true,
      "digs_dnd_origins:dragonborn/red/size": true,
      "digs_dnd_origins:dragonborn/red/breath_weapon": true,
      "digs_dnd_origins:dragonborn/red/damage_resistance": true,
      "digs_dnd_origins:dragonborn/red/molten_habitat": true,
      "digs_dnd_origins:dragonborn/red/scales": true,
      "origins:more_exhaustion": true
    },
    "digs_dnd_origins:dwarf": {
      "enabled": true,
      "digs_dnd_origins:dwarf/description_hill": true,
      "digs_dnd_origins:dwarf/description_mountain": true
    },
    "digs_dnd_origins:elf/cantrips/lightning_lure": {
      "enabled": true,
      "digs_dnd_origins:elf/high/cantrips/lightning_lure": true
    },
    "digs_dnd_origins:dragonborn": {
      "enabled": true,
      "digs_dnd_origins:dragonborn/description_black": true,
      "digs_dnd_origins:dragonborn/description_blue": true,
      "digs_dnd_origins:dragonborn/description_brass": true,
      "digs_dnd_origins:dragonborn/description_green": true,
      "digs_dnd_origins:dragonborn/description_red": true,
      "digs_dnd_origins:dragonborn/description_white": true
    },
    "digs_dnd_origins:elf": {
      "enabled": true,
      "digs_dnd_origins:elf/description_high": true,
      "digs_dnd_origins:elf/description_wood": true,
      "digs_dnd_origins:elf/description_dark": true
    },
    "digs_dnd_origins:gnome/forest": {
      "enabled": true,
      "digs_dnd_origins:gnome/forest/size": true,
      "digs_dnd_origins:gnome/forest/speed": true,
      "digs_dnd_origins:gnome/forest/darkvision": true,
      "digs_dnd_origins:gnome/forest/speak_with_small_beasts": true
    },
    "digs_dnd_origins:half-elf/skills/medicine": {
      "enabled": true,
      "digs_dnd_origins:half-elf/skills/medicine": true
    },
    "digs_dnd_origins:half-elf/skills/animal_handling": {
      "enabled": true,
      "digs_dnd_origins:half-elf/skills/animal_handling": true
    },
    "digs_dnd_origins:half-elf": {
      "enabled": true,
      "digs_dnd_origins:half-elf/ability_score_increase": true,
      "digs_dnd_origins:half-elf/size": true,
      "digs_dnd_origins:half-elf/darkvision": true,
      "digs_dnd_origins:half-elf/skill_versatility": true
    },
    "digs_dnd_origins:elf/dark": {
      "enabled": true,
      "digs_dnd_origins:elf/dark/ability_score_increase": true,
      "digs_dnd_origins:elf/dark/size": true,
      "digs_dnd_origins:elf/dark/superior_darkvision": true,
      "digs_dnd_origins:elf/dark/trance": true,
      "digs_dnd_origins:elf/dark/sunlight_sensitivity": true,
      "digs_dnd_origins:elf/dark/drow_magic": true,
      "digs_dnd_origins:elf/dark/faerie_fire": true,
      "digs_dnd_origins:elf/dark/darkness": true,
      "digs_dnd_origins:elf/dark/drow_weapon_training": true
    },
    "digs_dnd_origins:variant_human": {
      "enabled": true,
      "digs_dnd_origins:variant_human/skills": true,
      "digs_dnd_origins:variant_human/feat": true
    },
    "digs_dnd_origins:dwarf/mountain": {
      "enabled": true,
      "digs_dnd_origins:dwarf/mountain/size": true,
      "digs_dnd_origins:dwarf/mountain/speed": true,
      "digs_dnd_origins:dwarf/mountain/darkvision": true,
      "digs_dnd_origins:dwarf/mountain/dwarven_resilience": true,
      "digs_dnd_origins:dwarf/mountain/dwarven_combat_training": true,
      "digs_dnd_origins:dwarf/mountain/dwarven_armor_training": true,
      "digs_dnd_origins:dwarf/hill/tool_proficiency": true
    },
    "digs_dnd_origins:halfling/lightfoot": {
      "enabled": true,
      "digs_dnd_origins:halfling/lightfoot/size": true,
      "digs_dnd_origins:halfling/lightfoot/speed": true,
      "digs_dnd_origins:halfling/lightfoot/lucky": true,
      "digs_dnd_origins:halfling/lightfoot/halfling_nimbleness": true,
      "digs_dnd_origins:halfling/lightfoot/naturally_stealthy": true
    },
    "digs_dnd_origins:dragonborn/white": {
      "enabled": true,
      "digs_dnd_origins:dragonborn/white/ability_score_increase": true,
      "digs_dnd_origins:dragonborn/white/size": true,
      "digs_dnd_origins:dragonborn/white/breath_weapon": true,
      "digs_dnd_origins:dragonborn/white/damage_resistance": true,
      "digs_dnd_origins:dragonborn/white/arctic_habitat": true,
      "digs_dnd_origins:dragonborn/white/scales": true,
      "origins:more_exhaustion": true
    },
    "digs_dnd_origins:variant_human/feats/skulker": {
      "enabled": true,
      "digs_dnd_origins:variant_human/feats/skulker": true
    },
    "digs_dnd_origins:elf/cantrips/ray_of_frost": {
      "enabled": true,
      "digs_dnd_origins:elf/high/cantrips/ray_of_frost": true
    },
    "digs_dnd_origins:variant_human/feats/heavily_armored": {
      "enabled": true,
      "digs_dnd_origins:variant_human/feats/heavily_armored": true
    },
    "digs_dnd_origins:half-elf/skills/sleight_of_hand": {
      "enabled": true,
      "digs_dnd_origins:half-elf/skills/sleight_of_hand": true
    },
    "digs_dnd_origins:dragonborn/blue": {
      "enabled": true,
      "digs_dnd_origins:dragonborn/blue/ability_score_increase": true,
      "digs_dnd_origins:dragonborn/blue/size": true,
      "digs_dnd_origins:dragonborn/blue/breath_weapon": true,
      "digs_dnd_origins:dragonborn/blue/damage_resistance": true,
      "digs_dnd_origins:dragonborn/blue/arid_habitat": true,
      "digs_dnd_origins:dragonborn/blue/scales": true,
      "origins:more_exhaustion": true
    },
    "digs_dnd_origins:variant_human/feats/mobile": {
      "enabled": true,
      "digs_dnd_origins:variant_human/feats/mobile": true
    },
    "digs_dnd_origins:dragonborn/black": {
      "enabled": true,
      "digs_dnd_origins:dragonborn/black/ability_score_increase": true,
      "digs_dnd_origins:dragonborn/black/size": true,
      "digs_dnd_origins:dragonborn/black/breath_weapon": true,
      "digs_dnd_origins:dragonborn/black/damage_resistance": true,
      "digs_dnd_origins:dragonborn/black/humid_habitat": true,
      "digs_dnd_origins:dragonborn/black/scales": true,
      "origins:more_exhaustion": true
    },
    "digs_dnd_origins:gnome": {
      "enabled": true,
      "digs_dnd_origins:gnome/description_deep": true,
      "digs_dnd_origins:gnome/description_forest": true,
      "digs_dnd_origins:gnome/description_rock": true
    },
    "digs_dnd_origins:dwarf/hill": {
      "enabled": true,
      "digs_dnd_origins:dwarf/hill/size": true,
      "digs_dnd_origins:dwarf/hill/speed": true,
      "digs_dnd_origins:dwarf/hill/darkvision": true,
      "digs_dnd_origins:dwarf/hill/dwarven_resilience": true,
      "digs_dnd_origins:dwarf/hill/dwarven_combat_training": true,
      "digs_dnd_origins:dwarf/hill/dwarven_toughness": true,
      "digs_dnd_origins:dwarf/hill/tool_proficiency": true
    },
    "digs_dnd_origins:variant_human/feats/lightly_armored": {
      "enabled": true,
      "digs_dnd_origins:variant_human/feats/lightly_armored": true
    },
    "digs_dnd_origins:gnome/deep": {
      "enabled": true,
      "digs_dnd_origins:gnome/deep/size": true,
      "digs_dnd_origins:gnome/deep/speed": true,
      "digs_dnd_origins:gnome/deep/superior_darkvision": true,
      "digs_dnd_origins:gnome/deep/stone_camouflage": true
    },
    "digs_dnd_origins:halfling/stout": {
      "enabled": true,
      "digs_dnd_origins:halfling/stout/size": true,
      "digs_dnd_origins:halfling/stout/speed": true,
      "digs_dnd_origins:halfling/stout/lucky": true,
      "digs_dnd_origins:halfling/stout/halfling_nimbleness": true,
      "digs_dnd_origins:halfling/stout/stout_resilience": true
    },
    "digs_dnd_origins:elf/cantrips/poison_spray": {
      "enabled": true,
      "digs_dnd_origins:elf/high/cantrips/poison_spray": true
    },
    "digs_dnd_origins:variant_human/feats/tough": {
      "enabled": true,
      "digs_dnd_origins:variant_human/feats/tough": true
    },
    "digs_dnd_origins:half-elf/skills/survival": {
      "enabled": true,
      "digs_dnd_origins:half-elf/skills/survival": true
    },
    "digs_dnd_origins:half-orc": {
      "enabled": true,
      "digs_dnd_origins:half-orc/size": true,
      "digs_dnd_origins:half-orc/darkvision": true,
      "digs_dnd_origins:half-orc/menacing": true,
      "digs_dnd_origins:half-orc/relentless_endurance": true,
      "digs_dnd_origins:half-orc/savage_attacks": true,
      "origins:more_exhaustion": true
    },
    "digs_dnd_origins:halfling": {
      "enabled": true,
      "digs_dnd_origins:halfling/description_lightfoot": true,
      "digs_dnd_origins:halfling/description_stout": true
    },
    "digs_dnd_origins:tiefling": {
      "enabled": true,
      "digs_dnd_origins:tiefling/ability_score_increase": true,
      "digs_dnd_origins:tiefling/darkvision": true,
      "digs_dnd_origins:tiefling/hellish_resistance": true,
      "digs_dnd_origins:tiefling/infernal_legacy": true,
      "digs_dnd_origins:tiefling/hellish_rebuke": true,
      "digs_dnd_origins:tiefling/darkness": true,
      "digs_dnd_origins:tiefling/feared": true,
      "digs_dnd_origins:tiefling/horns": true
    },
    "digs_dnd_origins:elf/cantrips/firebolt": {
      "enabled": true,
      "digs_dnd_origins:elf/high/cantrips/firebolt": true
    },
    "digs_dnd_origins:elf/wood": {
      "enabled": true,
      "digs_dnd_origins:elf/wood/size": true,
      "digs_dnd_origins:elf/wood/darkvision": true,
      "digs_dnd_origins:elf/high/trance": true,
      "digs_dnd_origins:elf/wood/elf_weapon_training": true,
      "digs_dnd_origins:elf/wood/fleet_of_foot": true,
      "digs_dnd_origins:elf/wood/mask_of_the_wild": true
    }
  }
}