{
  "schema_version": 1,
  "failed_reloads_per_session": 5,
  "default_packs": [
    "file/EmbellishedStone-1.19-1.0.0.zip",
    "file/EclecticTrove-noconfig-1.19-1.2.0.zip",
    "file/STONEBORN-+SBMC+-V3.1-Modded-Compatibility.zip",
    "file/STONEBORN - 1.19 - V3.2.1.zip",
    "file/Excalibur_V1.19_Mod_Support_GPJ_Build_3.zip",
    "file/Excalibur_V1.19.4.zip"
  ],
  "default_overrides": {
    "force_compatible": true
  },
  "pack_overrides": {
    "file/Charm_Architects_Palette_integration.zip": {
      "hidden": true
    },
    "file/Charm_BetterEnd_integration_v2.zip": {
      "hidden": true
    },
    "file/Charm_BetterNether_integration_v2.zip": {
      "hidden": true
    },
    "file/Repurposed_Structures-Better_Desert_Temples_v6.zip": {
      "hidden": true
    },
    "file/Repurposed_Structures-Better_Dungeons_v4.zip": {
      "hidden": true
    },
    "file/Repurposed_Structures-Better_Monuments_v5.zip": {
      "hidden": true
    },
    "file/Repurposed_Structures-Better_Strongholds_v4.zip": {
      "hidden": true
    },
    "file/Repurposed_Structures-Better_Witch_Huts_v3.zip": {
      "hidden": true
    },
    "file/Repurposed_Structures-Bountiful_v2.zip": {
      "hidden": true
    },
    "file/Repurposed_Structures-Farmers_Delight_v5.zip": {
      "hidden": true
    },
    "file/Repurposed_Structures-Friends_And_Foes_v3.zip": {
      "hidden": true
    },
    "file/Repurposed_Structures-Oh_The_Biomes_Youll_Go_v2.zip": {
      "hidden": true
    },
    "file/ctov-farmers-delight-compat-v1-2.zip": {
      "hidden": true
    },
    "file/ctov-friends-and-foes-add-on.zip": {
      "hidden": true
    },
    "file/ctov-waystone-add-on-v1-0.zip": {
      "hidden": true
    },
    "file/Alloy_Forgery_Fuel_Support_v1.zip": {
      "hidden": true
    },
    "file/Repurposed_Structures-Wizards_v2.zip": {
    "hidden": true
    },
    "file/ctov-bounty-board-add-on-v1-0.zip": {
    "hidden": true
    },
    "file/ctov-chefs-delight-add-on-v1-0.zip": {
      "hidden": true
    },
    "file/Farmers_Delight_Stripping_Expanded_v1.zip": {
      "hidden": true
    },
    "file/Repurposed_Structures-VillagersPlus_v1.zip": {
       "hidden": true
    },
    "file/Repurposed_Structures-Chef's_Delight_v2.zip": {
      "hidden": true
    },
    "Everycomp Generated Pack": {
      "hidden": true
    },
    "file/Origins_EnvironmentZ_Dehydration_v1.3.zip": {
      "hidden": true
    },
    "file/Origins_Expanded_Foods_v1.6+1.19.2.zip": {
      "hidden": true
    },
    "Supplementaries Generated Pack": {
      "hidden": true
    },
    "charmonium/journeyman": {
      "hidden": true
    },
    "lambdabettergrass/default": {
      "hidden": true
    },
    "Immersive Weathering Generated Pack": {
      "hidden": true
    },
    "Snowyspirit Generated Pack": {
      "hidden": true
    },
    "continuity/default": {
      "hidden": true
    },
    "continuity/glass_pane_culling_fix": {
      "hidden": true 
    },
    "meadow/optifine_support": {
      "hidden": true
    },
    "file/Repurposed_Structures-Better_Nether_Fortress_v4.zip": {
      "hidden": true
    },
    "file/Dehydration_Expanded_Drinks_1.1+1.19.2.zip": {
      "hidden": true    
    },
    "file/Repurposed_Structures-Bygone_Nether_v1.zip": {
      "hidden": true
    },
    "Twilight Classic": {
      "hidden": true
    },
    "vinery/bushy_leaves": {
      "hidden": true
    },
    "meadow/bushy_leaves": {
      "hidden": true
    },
    "immersive_weathering/visual_waxed_iron_items": {
      "hidden": true
    },
    "immersive_weathering/better_brick_items": {
      "hidden": true
    },
    "immersive_weathering/better_brick_blocks": {
      "hidden": true
    }
  }
}
