{
  "increasingDistance": 5000,
  "distanceFactor": 0.75,
  "increasingTime": 0,
  "timeFactor": 0.0,
  "heightDistance": 50,
  "heightFactor": 0.05,
  "maxFactorHealth": 7.55,
  "maxFactorDamage": 10.0,
  "maxFactorProtection": 10.0,
  "maxFactorSpeed": 2.0,
  "allowRandomValues": false,
  "randomChance": 10,
  "randomFactor": 10,
  "extraXp": true,
  "maxXPFactor": 5.0,
  "startingFactor": 1.0,
  "startingDistance": 0,
  "startingTime": 0,
  "startingHeight": 62,
  "positiveHeightIncreasion": true,
  "negativeHeightIncreasion": true,
  "affectBosses": true,
  "excludeDistanceInOtherDimension": true,
  "excludeTimeInOtherDimension": true,
  "excludeHeightInOtherDimension": true,
  "dropMoreLoot": true,
  "moreLootChance": 0.02,
  "maxLootChance": 0.7,
  "chanceForEachItem": 0.5,
  "levelZLevelFactor": 0.0,
  "levelZPlayerRadius": 100.0,
  "hudTesting": false,
  "excludedEntity": [],
  "allowSpecialZombie": true,
  "bigZombieChance": 10,
  "bigZombieSlownessFactor": 0.7,
  "bigZombieBonusLifePoints": 50,
  "bigZombieBonusDamage": 10,
  "bigZombieSize": 1.5,
  "speedZombieChance": 10,
  "speedZombieSpeedFactor": 1.5,
  "speedZombieMalusLifePoints": 10,
  "dynamicBossModification": true,
  "dynamicBossModificator": 0.5,
  "bossMaxFactor": 5.0,
  "bossDistanceFactor": 0.05,
  "bossTimeFactor": 0.0,
  "creeperExplosionFactor": 2.0
}