{
  "jellyfish_spawnweight": 50,
  "hermitcrab_spawnweight": 50,
  "sunfish_heath": 30,
  "sunfish_speed": 2.5,
  "sunfish_spawnweight": 50,
  "shark_health": 30,
  "shark_spawnweight": 50,
  "shark_attack_fish": false,
  "shark_speed": 2.5,
  "shark_attack_speed": 4.0,
  "shark_follow": 4.0,
  "shark_damage": 8.0,
  "shark_knockback": 0.1,
  "whaleshark_spawnweight": 50,
  "whaleshark_health": 30,
  "whaleshark_attack_fish": false,
  "whaleshark_speed": 2.0,
  "whaleshark_attack_speed": 4.0,
  "whaleshark_follow": 32.0,
  "whaleshark_damage": 8.0,
  "whaleshark_knockback": 0.1,
  "moonjelly_spawnweight": 50,
  "yellowfin_health": 15,
  "yellowfin_speed": 1.8,
  "yellowfin_spawnweight": 50,
  "cuttlefish_health": 15,
  "cuttlefish_speed": 1.9,
  "cuttlefish_spawnweight": 50,
  "opah_health": 15,
  "opah_speed": 1.8,
  "opah_spawnweight": 50,
  "lionfish_health": 15,
  "lionfish_speed": 1.9,
  "lionfish_spawnweight": 50,
  "clownfish_health": 15,
  "clownfish_speed": 1.8,
  "clownfish_spawnweight": 50,
  "spottedstingray_health": 15,
  "spottedstingray_speed": 1.8,
  "spottedstingray_spawnweight": 50,
  "piranha_spawnweight": 50,
  "tetra_spawnweight": 50,
  "betta_spawnweight": 50,
  "anglerfish_health": 6,
  "anglerfish_knockback": 0.1,
  "anglerfish_follow": 10.0,
  "anglerfish_speed": 1.8,
  "anglerfish_spawnweight": 50,
  "leviathan_health": 60,
  "leviathan_speed": 1.5,
  "giantsquid_spawnweight": 10,
  "piranha_damage": 2.0,
  "piranha_health": 10,
  "piranha_knockback": 0.1,
  "piranha_follow": 10.0,
  "piranha_speed": 1.8,
  "seahorse_spawnweight": 50
}