{
  "mcdw:sword_sponge_striker": {
    "mcdw:enigma_resonator": 3
  },
  "mcdw:sickle_soul_scythe": {
    "mcdw:soul_devourer": 3
  },
  "mcdw:gauntlet_soul_fists": {
    "mcdw:enigma_resonator": 3
  },
  "mcdw:bow_web_bow": {
    "mcdw:cobweb_shot": 1
  },
  "mcdw:spear_cackling_broom": {
    "mcdw:smiting": 3
  },
  "mcdw:bow_red_snake": {
    "mcdw:fuse_shot": 3
  },
  "mcdw:crossbow_doom_crossbow": {
    "minecraft:punch": 2
  },
  "mcdw:hammer_bone_cudgel": {
    "mcdw:illagers_bane": 3
  },
  "mcdw:crossbow_auto_crossbow": {
    "mcdw:bonus_shot": 3
  },
  "mcdw:bow_ancient_bow": {
    "mcdw:dynamo": 3
  },
  "mcdw:crossbow_pride_of_the_piglins": {
    "minecraft:piercing": 5
  },
  "mcdw:bow_hunters_promise": {
    "mcdw:replenish": 3
  },
  "mcdw:spear_whispering_spear": {
    "mcdw:echo": 3
  },
  "mcdw:bow_lost_souls": {
    "minecraft:multishot": 1
  },
  "mcdw:whip_vine_whip": {
    "mcdw:jungle_poison": 3
  },
  "mcdw:hammer_stormlander": {
    "mcdw:thundering": 3
  },
  "mcdw:crossbow_lightning_harp_crossbow": {
    "mcdw:ricochet": 3,
    "minecraft:multishot": 1
  },
  "mcdw:crossbow_nautical_crossbow": {
    "minecraft:piercing": 4
  },
  "mcdw:crossbow_veiled_crossbow": {
    "mcdw:shadow_shot": 1
  },
  "mcdw:sword_heartstealer": {
    "mcdw:leeching": 3
  },
  "mcdw:sword_broadsword": {
    "mcdw:swirling": 3
  },
  "mcdw:dagger_backstabber": {
    "mcdw:ambush": 3
  },
  "mcdw:bow_echo_of_the_valley": {
    "mcdw:ricochet": 3
  },
  "mcdw:bow_elite_power_bow": {
    "minecraft:power": 5
  },
  "mcdw:sickle_jailors_scythe": {
    "mcdw:chains": 3
  },
  "mcdw:bow_love_spell_bow": {
    "mcdw:radiance": 3
  },
  "mcdw:axe_encrusted_anchor": {
    "mcdw:jungle_poison": 3,
    "mcdw:gravity": 3
  },
  "mcdw:bow_nocturnal_bow": {
    "mcdw:tempo_theft": 3
  },
  "mcdw:crossbow_harp_crossbow": {
    "minecraft:multishot": 1
  },
  "mcdw:crossbow_voidcaller_crossbow": {
    "mcdw:gravity": 3
  },
  "mcdw:sword_great_axeblade": {
    "mcdw:dynamo": 1
  },
  "mcdw:crossbow_exploding_crossbow": {
    "mcdw:fuse_shot": 3
  },
  "mcdw:axe_cursed": {
    "mcdw:exploding": 3
  },
  "mcdw:staff_growing_staff": {
    "mcdw:committed": 3
  },
  "mcdw:sword_sinister": {
    "mcdw:critical_hit": 3
  },
  "mcdw:dagger_swift_striker": {
    "mcdw:echo": 3,
    "mcdw:ambush": 3
  },
  "mcdw:spear_fortune": {
    "minecraft:looting": 3
  },
  "mcdw:bow_call_of_the_void": {
    "mcdw:void_shot": 3,
    "mcdw:fuse_shot": 3
  },
  "mcdw:bow_void_bow": {
    "mcdw:void_shot": 3
  },
  "mcdw:sickle_last_laugh_gold": {
    "mcdw:prospector": 3
  },
  "mcdw:crossbow_imploding_crossbow": {
    "mcdw:gravity": 3
  },
  "mcdw:bow_phantom_bow": {
    "mcdw:phantoms_mark": 3,
    "minecraft:power": 3
  },
  "mcdw:dagger_the_end": {
    "mcdw:void_strike": 3
  },
  "mcdw:crossbow_corrupted_crossbow": {
    "mcdw:dynamo": 3
  },
  "mcdw:bow_bonebow": {
    "mcdw:growing": 3
  },
  "mcdw:bow_bubble_burster": {
    "mcdw:ricochet": 3
  },
  "mcdw:axe_firebrand": {
    "minecraft:fire_aspect": 2
  },
  "mcdw:bow_burst_gale_bow": {
    "mcdw:charge": 3
  },
  "mcdw:bow_mechanical_shortbow": {
    "mcdw:accelerate": 3
  },
  "mcdw:bow_sabrewing": {
    "mcdw:radiance": 3
  },
  "mcdw:crossbow_firebolt_thrower": {
    "mcdw:chain_reaction": 3
  },
  "mcdw:axe_highland": {
    "mcdw:stunning": 3
  },
  "mcdw:spear_venom_glaive": {
    "mcdw:poison_cloud": 3
  },
  "mcdw:dagger_the_beginning": {
    "mcdw:leeching": 3
  },
  "mcdw:spear_grave_bane": {
    "mcdw:smiting": 3
  },
  "mcdw:sword_nameless_blade": {
    "mcdw:weakening": 3
  },
  "mcdw:bow_haunted_bow": {
    "mcdw:bonus_shot": 3
  },
  "mcdw:crossbow_scatter_crossbow": {
    "minecraft:multishot": 1
  },
  "mcdw:crossbow_shadow_crossbow": {
    "mcdw:shadow_shot": 1
  },
  "mcdw:dagger_moon": {
    "mcdw:enigma_resonator": 3
  },
  "mcdw:crossbow_soul_hunter_crossbow": {
    "mcdw:enigma_resonator": 3
  },
  "mcdw:sword_dancers_sword": {
    "mcdw:rampaging": 3
  },
  "mcdw:dagger_shear_dagger": {
    "mcdw:swirling": 3
  },
  "mcdw:hammer_flail": {
    "mcdw:chains": 3
  },
  "mcdw:sword_masters_katana": {
    "mcdw:critical_hit": 3
  },
  "mcdw:gauntlet_maulers": {
    "mcdw:rampaging": 3
  },
  "mcdw:bow_shivering_bow": {
    "mcdw:tempo_theft": 3
  },
  "mcdw:staff_battlestaff_of_terror": {
    "mcdw:exploding": 3
  },
  "mcdw:crossbow_slayer_crossbow": {
    "mcdw:ricochet": 3
  },
  "mcdw:bow_pink_scoundrel": {
    "mcdw:wild_rage": 3
  },
  "mcdw:crossbow_baby_crossbow": {
    "mcdw:growing": 3
  },
  "mcdw:crossbow_the_slicer": {
    "minecraft:piercing": 3
  },
  "mcdw:dagger_eternal_knife": {
    "mcdw:soul_siphon": 3
  },
  "mcdw:crossbow_butterfly_crossbow": {
    "mcdw:bonus_shot": 3
  },
  "mcdw:dagger_fangs_of_frost": {
    "mcdw:freezing": 3
  },
  "mcdw:sickle_skull_scythe": {
    "mcdw:freezing": 3
  },
  "mcdw:bow_masters_bow": {
    "minecraft:power": 4
  },
  "mcdw:hammer_suns_grace": {
    "mcdw:radiance": 3
  },
  "mcdw:sword_hawkbrand": {
    "mcdw:critical_hit": 3
  },
  "mcdw:hammer_gravity": {
    "mcdw:gravity": 3
  },
  "mcdw:crossbow_feral_soul_crossbow": {
    "mcdw:enigma_resonator": 3
  },
  "mcdw:sickle_nightmares_bite": {
    "mcdw:poison_cloud": 3
  },
  "mcdw:bow_twin_bow": {
    "mcdw:bonus_shot": 3
  },
  "mcdw:sword_the_starless_night": {
    "mcdw:shared_pain": 1
  },
  "mcdw:bow_green_menace": {
    "mcdw:poison_cloud": 3
  },
  "mcdw:sword_freezing_foil": {
    "mcdw:freezing": 3
  },
  "mcdw:sword_truthseeker": {
    "mcdw:committed": 3
  },
  "mcdw:sword_dark_katana": {
    "mcdw:smiting": 3
  },
  "mcdw:dagger_chill_gale_knife": {
    "mcdw:freezing": 3
  },
  "mcdw:sickle_last_laugh_silver": {
    "mcdw:prospector": 3
  },
  "mcdw:dagger_void_touched_blade": {
    "mcdw:void_strike": 2
  },
  "mcdw:sickle_frost_scythe": {
    "mcdw:freezing": 3
  },
  "mcdw:sword_frost_slayer": {
    "mcdw:freezing": 3
  },
  "mcdw:dagger_resolute_tempest_knife": {
    "mcdw:rushdown": 3,
    "mcdw:committed": 3
  },
  "mcdw:axe_whirlwind": {
    "mcdw:shockwave": 3
  }
}