{
  "#README": "This config file does not support comments. To see them configure it in-game using YACL or Cloth Config",
  "general": {
    "creative_tab": true,
    "assets_depend_on_loaded_packs": true,
    "save_debug_resources": false,
    "debug_packet": false,
    "tooltips": {
      "mod_origin_enabled": true,
      "block_type_ednabld": true,
      "show_on_advanced_tooltips": false
    },
    "types": {
      "leaves_type": {
        "betternether.willow": true,
        "betternether.rubeus": true,
        "betternether.anchor_tree": true,
        "betternether.nether_sakura": true,
        "betterend.pythadendron": true,
        "betterend.lacugrove": true,
        "betterend.dragon_tree": true,
        "betterend.tenanea": true,
        "betterend.lucernia": true,
        "bewitchment.juniper": true,
        "bewitchment.cypress": true,
        "bewitchment.elder": true,
        "bewitchment.dragons_blood": true,
        "deeperdarker.echo": true,
        "vinery.grapevine": true,
        "vinery.cherry": true,
        "vinery.apple": true,
        "ecologics.coconut": true,
        "ecologics.walnut": true,
        "eldritch_end.primordial": true,
        "minecells.wilted": true,
        "minecells.orange_wilted": true,
        "minecells.red_wilted": true,
        "promenade.sap_maple": true,
        "promenade.vermilion_maple": true,
        "promenade.fulvous_maple": true,
        "promenade.mikado_maple": true,
        "promenade.palm": true,
        "promenade.snowy_spruce": true
      },
      "cake": {},
      "wood_type": {
        "ecologics.flowering_azalea": true,
        "ecologics.azalea": true,
        "ecologics.coconut": true,
        "ecologics.walnut": true,
        "betternether.nether_reed": true,
        "betternether.stalagnate": true,
        "betternether.willow": true,
        "betternether.wart": true,
        "betternether.rubeus": true,
        "betternether.mushroom_fir": true,
        "betternether.nether_mushroom": true,
        "betternether.anchor_tree": true,
        "betternether.nether_sakura": true,
        "betterarcheology.rotten": true,
        "betterend.mossy_glowshroom": true,
        "betterend.pythadendron": true,
        "betterend.end_lotus": true,
        "betterend.lacugrove": true,
        "betterend.dragon_tree": true,
        "betterend.tenanea": true,
        "betterend.helix_tree": true,
        "betterend.umbrella_tree": true,
        "betterend.jellyshroom": true,
        "betterend.lucernia": true,
        "bewitchment.juniper": true,
        "bewitchment.cypress": true,
        "bewitchment.elder": true,
        "bewitchment.dragons_blood": true,
        "deeperdarker.echo": true,
        "eldritch_end.primordial": true,
        "minecells.putrid": true,
        "promenade.sakura": true,
        "promenade.maple": true,
        "promenade.palm": true,
        "promenade.dark_amaranth": true,
        "spawn.rotten": true
      }
    },
    "entries": {
      "leaves_type": {},
      "wood_type": {
        "twigs.table": true,
        "another_furniture.table": true,
        "friendsandfoes.beehive": true,
        "another_furniture.flower_box": true,
        "another_furniture.shelf": true,
        "decorative_blocks.beam": true,
        "decorative_blocks.support": true,
        "decorative_blocks.seat": true,
        "decorative_blocks.palisade": true,
        "farmersdelight.cabinet": true,
        "another_furniture.drawer": true,
        "dramaticdoors.short_door": true,
        "another_furniture.shutter": true,
        "dramaticdoors.tall_door": true,
        "another_furniture.bench": true,
        "another_furniture.chair": true
      }
    }
  }
}