{
  "version": 1,
  "displayDebugData": false,
  "enabled": true,
  "leafSize": 5,
  "leafLifespan": 200,
  "leafSpawnRate": 10,
  "coniferLeafSpawnRate": 0,
  "snowflakeSpawnRate": 15,
  "dropFromPlayerPlacedBlocks": true,
  "leavesOnBlockHit": true,
  "minimumFreeSpaceBelow": 1,
  "windEnabled": true,
  "windlessDimensions": [
    "minecraft:the_end",
    "minecraft:the_nether"
  ],
  "leafSettings": {
    "minecraft:mangrove_leaves": {
      "spawnRateFactor": 1.0,
      "isConiferBlock": false,
      "spawnBreakingLeaves": true
    },
    "minecraft:cherry_leaves": {
      "spawnRateFactor": 1.0,
      "isConiferBlock": false,
      "spawnBreakingLeaves": true
    },
    "promenade:palm_leaves": {
      "spawnRateFactor": 0.0,
      "isConiferBlock": false,
      "spawnBreakingLeaves": true
    },
    "betterend:tenanea_leaves": {
      "spawnRateFactor": 1.0,
      "isConiferBlock": false,
      "spawnBreakingLeaves": true
    },
    "betterend:pythadendron_leaves": {
      "spawnRateFactor": 1.0,
      "isConiferBlock": false,
      "spawnBreakingLeaves": true
    },
    "bewitchment:dragons_blood_leaves": {
      "spawnRateFactor": 1.0,
      "isConiferBlock": true,
      "spawnBreakingLeaves": true
    },
    "promenade:cotton_sakura_blossoms": {
      "spawnRateFactor": 1.0,
      "isConiferBlock": false,
      "spawnBreakingLeaves": true
    },
    "minecraft:jungle_leaves": {
      "spawnRateFactor": 0.0,
      "isConiferBlock": false,
      "spawnBreakingLeaves": true
    },
    "minecells:wilted_leaves": {
      "spawnRateFactor": 1.0,
      "isConiferBlock": false,
      "spawnBreakingLeaves": true
    },
    "snowyspirit:glow_lights_green": {
      "spawnRateFactor": 1.0,
      "isConiferBlock": false,
      "spawnBreakingLeaves": true
    },
    "betterend:tenanea_outer_leaves": {
      "spawnRateFactor": 1.0,
      "isConiferBlock": false,
      "spawnBreakingLeaves": true
    },
    "snowyspirit:glow_lights_lime": {
      "spawnRateFactor": 1.0,
      "isConiferBlock": false,
      "spawnBreakingLeaves": true
    },
    "snowyspirit:glow_lights_red": {
      "spawnRateFactor": 1.0,
      "isConiferBlock": false,
      "spawnBreakingLeaves": true
    },
    "minecraft:oak_leaves": {
      "spawnRateFactor": 1.0,
      "isConiferBlock": false,
      "spawnBreakingLeaves": true
    },
    "minecells:red_wilted_leaves": {
      "spawnRateFactor": 1.0,
      "isConiferBlock": false,
      "spawnBreakingLeaves": true
    },
    "betternether:anchor_tree_leaves": {
      "spawnRateFactor": 1.0,
      "isConiferBlock": false,
      "spawnBreakingLeaves": true
    },
    "bewitchment:juniper_leaves": {
      "spawnRateFactor": 1.0,
      "isConiferBlock": true,
      "spawnBreakingLeaves": true
    },
    "snowyspirit:glow_lights_blue": {
      "spawnRateFactor": 1.0,
      "isConiferBlock": false,
      "spawnBreakingLeaves": true
    },
    "snowyspirit:glow_lights_gray": {
      "spawnRateFactor": 1.0,
      "isConiferBlock": false,
      "spawnBreakingLeaves": true
    },
    "betterend:mossy_glowshroom_fur": {
      "spawnRateFactor": 1.0,
      "isConiferBlock": false,
      "spawnBreakingLeaves": true
    },
    "deeperdarker:echo_leaves": {
      "spawnRateFactor": 1.0,
      "isConiferBlock": false,
      "spawnBreakingLeaves": true
    },
    "betternether:willow_leaves": {
      "spawnRateFactor": 1.0,
      "isConiferBlock": false,
      "spawnBreakingLeaves": true
    },
    "snowyspirit:glow_lights_brown": {
      "spawnRateFactor": 1.0,
      "isConiferBlock": false,
      "spawnBreakingLeaves": true
    },
    "minecraft:flowering_azalea_leaves": {
      "spawnRateFactor": 1.0,
      "isConiferBlock": false,
      "spawnBreakingLeaves": true
    },
    "snowyspirit:glow_lights_pink": {
      "spawnRateFactor": 1.0,
      "isConiferBlock": false,
      "spawnBreakingLeaves": true
    },
    "betternether:rubeus_leaves": {
      "spawnRateFactor": 1.0,
      "isConiferBlock": false,
      "spawnBreakingLeaves": true
    },
    "betterend:glowing_pillar_leaves": {
      "spawnRateFactor": 1.0,
      "isConiferBlock": false,
      "spawnBreakingLeaves": true
    },
    "betterend:cave_bush": {
      "spawnRateFactor": 1.0,
      "isConiferBlock": false,
      "spawnBreakingLeaves": true
    },
    "minecraft:spruce_leaves": {
      "spawnRateFactor": 1.0,
      "isConiferBlock": true,
      "spawnBreakingLeaves": true
    },
    "minecells:orange_wilted_leaves": {
      "spawnRateFactor": 1.0,
      "isConiferBlock": false,
      "spawnBreakingLeaves": true
    },
    "minecraft:birch_leaves": {
      "spawnRateFactor": 1.0,
      "isConiferBlock": false,
      "spawnBreakingLeaves": true
    },
    "betterend:amaranita_fur": {
      "spawnRateFactor": 1.0,
      "isConiferBlock": false,
      "spawnBreakingLeaves": true
    },
    "bewitchment:elder_leaves": {
      "spawnRateFactor": 1.0,
      "isConiferBlock": false,
      "spawnBreakingLeaves": true
    },
    "minecraft:acacia_leaves": {
      "spawnRateFactor": 1.0,
      "isConiferBlock": false,
      "spawnBreakingLeaves": true
    },
    "snowyspirit:glow_lights_black": {
      "spawnRateFactor": 1.0,
      "isConiferBlock": false,
      "spawnBreakingLeaves": true
    },
    "snowyspirit:glow_lights_white": {
      "spawnRateFactor": 1.0,
      "isConiferBlock": false,
      "spawnBreakingLeaves": true
    },
    "betternether:nether_sakura_leaves": {
      "spawnRateFactor": 1.0,
      "isConiferBlock": false,
      "spawnBreakingLeaves": true
    },
    "snowyspirit:glow_lights_magenta": {
      "spawnRateFactor": 1.0,
      "isConiferBlock": false,
      "spawnBreakingLeaves": true
    },
    "snowyspirit:glow_lights_light_gray": {
      "spawnRateFactor": 1.0,
      "isConiferBlock": false,
      "spawnBreakingLeaves": true
    },
    "betterend:helix_tree_leaves": {
      "spawnRateFactor": 1.0,
      "isConiferBlock": false,
      "spawnBreakingLeaves": true
    },
    "eldritch_end:primordial_leaves": {
      "spawnRateFactor": 1.0,
      "isConiferBlock": false,
      "spawnBreakingLeaves": true
    },
    "bewitchment:cypress_leaves": {
      "spawnRateFactor": 1.0,
      "isConiferBlock": true,
      "spawnBreakingLeaves": true
    },
    "promenade:blush_sakura_blossoms": {
      "spawnRateFactor": 1.0,
      "isConiferBlock": false,
      "spawnBreakingLeaves": true
    },
    "betterend:lucernia_outer_leaves": {
      "spawnRateFactor": 1.0,
      "isConiferBlock": false,
      "spawnBreakingLeaves": true
    },
    "promenade:fulvous_maple_leaves": {
      "spawnRateFactor": 1.0,
      "isConiferBlock": false,
      "spawnBreakingLeaves": true
    },
    "snowyspirit:glow_lights_yellow": {
      "spawnRateFactor": 1.0,
      "isConiferBlock": false,
      "spawnBreakingLeaves": true
    },
    "snowyspirit:glow_lights_light_blue": {
      "spawnRateFactor": 1.0,
      "isConiferBlock": false,
      "spawnBreakingLeaves": true
    },
    "betterend:blue_vine_fur": {
      "spawnRateFactor": 1.0,
      "isConiferBlock": false,
      "spawnBreakingLeaves": true
    },
    "betterend:dragon_tree_leaves": {
      "spawnRateFactor": 1.0,
      "isConiferBlock": false,
      "spawnBreakingLeaves": true
    },
    "culturaldelights:avocado_leaves": {
      "spawnRateFactor": 1.0,
      "isConiferBlock": false,
      "spawnBreakingLeaves": true
    },
    "promenade:vermilion_maple_leaves": {
      "spawnRateFactor": 1.0,
      "isConiferBlock": false,
      "spawnBreakingLeaves": true
    },
    "minecraft:azalea_leaves": {
      "spawnRateFactor": 1.0,
      "isConiferBlock": false,
      "spawnBreakingLeaves": true
    },
    "betterend:lucernia_leaves": {
      "spawnRateFactor": 1.0,
      "isConiferBlock": false,
      "spawnBreakingLeaves": true
    },
    "snowyspirit:glow_lights_cyan": {
      "spawnRateFactor": 1.0,
      "isConiferBlock": false,
      "spawnBreakingLeaves": true
    },
    "promenade:sap_maple_leaves": {
      "spawnRateFactor": 1.0,
      "isConiferBlock": false,
      "spawnBreakingLeaves": true
    },
    "snowyspirit:glow_lights_prismatic": {
      "spawnRateFactor": 1.0,
      "isConiferBlock": false,
      "spawnBreakingLeaves": true
    },
    "promenade:mikado_maple_leaves": {
      "spawnRateFactor": 1.0,
      "isConiferBlock": false,
      "spawnBreakingLeaves": true
    },
    "snowyspirit:glow_lights_purple": {
      "spawnRateFactor": 1.0,
      "isConiferBlock": false,
      "spawnBreakingLeaves": true
    },
    "promenade:snowy_spruce_leaves": {
      "spawnRateFactor": 1.0,
      "isConiferBlock": false,
      "spawnBreakingLeaves": true
    },
    "snowyspirit:glow_lights_orange": {
      "spawnRateFactor": 1.0,
      "isConiferBlock": false,
      "spawnBreakingLeaves": true
    },
    "betterend:lacugrove_leaves": {
      "spawnRateFactor": 1.0,
      "isConiferBlock": false,
      "spawnBreakingLeaves": true
    },
    "minecraft:dark_oak_leaves": {
      "spawnRateFactor": 1.0,
      "isConiferBlock": false,
      "spawnBreakingLeaves": true
    },
    "betterend:umbrella_tree_membrane": {
      "spawnRateFactor": 1.0,
      "isConiferBlock": false,
      "spawnBreakingLeaves": true
    },
    "vinery:cherry_leaves": {
      "spawnRateFactor": 1.0,
      "isConiferBlock": false,
      "spawnBreakingLeaves": true
    },
    "vinery:apple_leaves": {
      "spawnRateFactor": 1.0,
      "isConiferBlock": false,
      "spawnBreakingLeaves": true
    },
    "vinery:grapevine_leaves": {
      "spawnRateFactor": 1.0,
      "isConiferBlock": false,
      "spawnBreakingLeaves": true
    },
    "ecologics:coconut_leaves": {
      "spawnRateFactor": 1.0,
      "isConiferBlock": false,
      "spawnBreakingLeaves": true
    },
    "ecologics:walnut_leaves": {
      "spawnRateFactor": 1.0,
      "isConiferBlock": false,
      "spawnBreakingLeaves": true
    }
  },
  "leafSpawners": [],
  "fallSpawnRateFactor": 1.8,
  "winterSpawnRateFactor": 0.1,
  "startingSpawnRadius": 0,
  "decaySpawnRateFactor": 2.6,
  "maxDecayLeaves": 9
}