{
  "levelMultiplier": 11,
  "nameColor": 553648127,
  "backgroundColor": -1,
  "backgroundOpacity": 0.0,
  "nameplateHeight": 0.4,
  "nameplateSize": -0.025,
  "showHealth": false,
  "showLevel": true,
  "showHostileOnly": false,
  "squaredDistance": 128.0,
  "showNameplateIfObstructed": false,
  "useRpgDifficultyLvl": false,
  "levelTitle": true,
  "healthBar": false,
  "excludedEntities": [
    "minecraft:ender_dragon",
    "minecraft:wither",
    "minecraft:warden",
    "adventurez:stone_golem",
    "adventurez:void_shadow",
    "adventurez:the_eye",
    "bosses_of_mass_destruction:obsidilith",
    "bosses_of_mass_destruction:gauntlet",
    "bosses_of_mass_destruction:lich",
    "bosses_of_mass_destruction:void_blossom",
    "soulsweapons:accursed_lord_boss",
    "soulsweapons:returning_knight",
    "soulsweapons:chaos_monarch",
    "soulsweapons:draugr_boss",
    "soulsweapons:moonknight",
    "soulsweapons:night_shade",
    "spellbladenext:magus",
    "spellbladenext:reaver",
    "spellbladenext:archmagus",
    "whisperwoods:hirschgeist",
    "whisperwoods:hidebehind",
    "mutantmonsters:mutant_enderman",
    "mutantmonsters:mutant_skeleton",
    "mutantmonsters:mutant_zombie",
    "mutantmonsters:mutant_creeper"
  ]
}