{
  "increasingDistance": 250,
  "distanceFactor": 0.06,
  "increasingTime": 0,
  "timeFactor": 0.0,
  "heightDistance": 25,
  "heightFactor": 0.1,
  "maxFactorHealth": 5.0,
  "maxFactorDamage": 5.0,
  "maxFactorProtection": 5.0,
  "maxFactorSpeed": 1.0,
  "allowRandomValues": false,
  "randomChance": 0,
  "randomFactor": 0,
  "extraXp": true,
  "maxXPFactor": 5.0,
  "startingFactor": 1.0,
  "startingDistance": 0,
  "startingTime": 0,
  "startingHeight": 62,
  "positiveHeightIncreasion": true,
  "negativeHeightIncreasion": true,
  "affectBosses": true,
  "excludeDistanceInOtherDimension": false,
  "excludeTimeInOtherDimension": true,
  "excludeHeightInOtherDimension": false,
  "dropMoreLoot": false,
  "moreLootChance": 0.0,
  "maxLootChance": 0.0,
  "chanceForEachItem": 0.0,
  "levelZLevelFactor": 0.0,
  "levelZPlayerRadius": 100.0,
  "hudTesting": false,
  "excludedEntity": [],
  "allowSpecialZombie": false,
  "bigZombieChance": 0,
  "bigZombieSlownessFactor": 0.0,
  "bigZombieBonusLifePoints": 0,
  "bigZombieBonusDamage": 0,
  "bigZombieSize": 1.0,
  "speedZombieChance": 0,
  "speedZombieSpeedFactor": 1.0,
  "speedZombieMalusLifePoints": 0,
  "dynamicBossModification": true,
  "dynamicBossModificator": 0.2,
  "bossMaxFactor": 1.0,
  "bossDistanceFactor": 0.0,
  "bossTimeFactor": 0.0,
  "creeperExplosionFactor": 1.18
}