{
  "effects": {
    "fire": {
      "raw_id": 731,
      "color": 16724736,
      "udid": "3c06c1d4-3cce-11ed-a261-0242ac120002",
      "bonus_per_stack": 0.15
    },
    "haste": {
      "raw_id": 738,
      "color": 16764159,
      "udid": "092f4f58-3ce5-11ed-b878-0242ac120002",
      "bonus_per_stack": 0.05
    },
    "frost": {
      "raw_id": 732,
      "color": 13434879,
      "udid": "41569be6-3cce-11ed-a261-0242ac120002",
      "bonus_per_stack": 0.15
    },
    "lightning": {
      "raw_id": 734,
      "color": 16777113,
      "udid": "48a773c8-4a63-11ed-b878-0242ac120002",
      "bonus_per_stack": 0.15
    },
    "critical_damage": {
      "raw_id": 737,
      "color": 16764108,
      "udid": "0612ed2a-3ce5-11ed-b878-0242ac120002",
      "bonus_per_stack": 0.1
    },
    "critical_chance": {
      "raw_id": 736,
      "color": 16777164,
      "udid": "0e0ddd12-0646-42b7-8daf-36b4ccf524df",
      "bonus_per_stack": 0.05
    },
    "soul": {
      "raw_id": 735,
      "color": 3003610,
      "udid": "5515bafc-4a63-11ed-b878-0242ac120002",
      "bonus_per_stack": 0.15
    },
    "arcane": {
      "raw_id": 730,
      "color": 16738047,
      "udid": "e8222db4-6c3c-4bbe-bacb-6e8d07e96e8b",
      "bonus_per_stack": 0.15
    },
    "healing": {
      "raw_id": 733,
      "color": 6750054,
      "udid": "4eccd93c-4a63-11ed-b878-0242ac120002",
      "bonus_per_stack": 0.15
    }
  }
}