{
  "mobs": {
    "spawn_egg_firefly [default: true]": true,
    "spawn_egg_hydrogen_jellyfish [default: true]": true,
    "spawn_egg_naga [default: true]": false,
    "spawn_egg_flying_pig [default: true]": true,
    "spawn_egg_jungle_skeleton [default: true]": true,
    "spawn_egg_skull [default: true]": true
  },
  "firefly [default: true]": true,
  "hydrogen_jellyfish [default: true]": true,
  "naga [default: true]": false,
  "flying_pig [default: true]": true,
  "jungle_skeleton [default: true]": true,
  "skull [default: true]": true
}