{
    "net.minecraft.client.gui.screens.inventory.InventoryScreen": {
        "buttonHints": {
            "SORT": {
                "bottom": 3
            },
            "MOVE_TO_CONTAINER": {
                "bottom": 3
            },
            "SORT_COLUMNS": {
                "bottom": 3
            },
            "SORT_ROWS": {
                "bottom": 3
            },
            "SHOW_EDITOR": {
                "horizontalOffset": 202,
                "top": 160
            }
        }
    },
    "net.minecraft.client.gui.screens.inventory.CreativeModeInventoryScreen": {
        "buttonHints": {
            "SORT": {
                "horizontalOffset": -19,
                "bottom": 3
            },
            "SORT_COLUMNS": {
                "horizontalOffset": -18,
                "bottom": 3
            },
            "SORT_ROWS": {
                "horizontalOffset": -17,
                "bottom": 3
            },
            "SHOW_EDITOR": {
                "horizontalOffset": 81,
                "top": 80
            }
        }
    },
    "net.minecraft.client.gui.screens.inventory.DispenserScreen": {
        "buttonHints": {
            "MOVE_TO_PLAYER": {
                "horizontalOffset": 1,
                "top": 3
            },
            "SORT_ROWS": {
                "horizontalOffset": -1,
                "top": 3
            },
            "SORT": {
                "horizontalOffset": -5,
                "top": 3
            },
            "SORT_COLUMNS": {
                "horizontalOffset": -3,
                "top": 3
            },
            "MOVE_TO_CONTAINER": {
                "horizontalOffset": 1,
                "bottom": 3
            }
        }
    },
    "net.minecraft.client.gui.screens.inventory.HopperScreen": {
        "buttonHints": {
            "MOVE_TO_CONTAINER": {
                "horizontalOffset": 1,
                "bottom": 3
            },
            "SORT": {
                "horizontalOffset": 115,
                "bottom": 30
            },
            "SORT_COLUMNS": {
                "horizontalOffset": -3,
                "bottom": 30
            },
            "SORT_ROWS": {
                "horizontalOffset": -1,
                "bottom": 30
            },
            "MOVE_TO_PLAYER": {
                "horizontalOffset": 1,
                "top": 3
            }
        }
    },
    "net.minecraft.client.gui.screens.inventory.ContainerScreen": {
        "buttonHints": {
            "MOVE_TO_CONTAINER": {
                "bottom": 2
            },
            "MOVE_TO_PLAYER": {
                "top": 1
            },
            "SORT": {
                "horizontalOffset": -6,
                "top": 1
            },
            "SORT_COLUMNS": {
                "horizontalOffset": -4,
                "top": 1
            },
            "SORT_ROWS": {
                "horizontalOffset": -2,
                "top": 1
            }
        }
    },
    "com.tiviacz.travelersbackpack.client.screens.TravelersBackpackScreen": {
        "buttonHints": {
            "MOVE_TO_CONTAINER": {
                "horizontalOffset": 7,
                "bottom": 28
            },
            "MOVE_TO_PLAYER": {
                "horizontalOffset": -3,
                "top": 79
            },
            "SORT": {
                "horizontalOffset": -29,
                "top": 51
            },
            "SORT_COLUMNS": {
                "horizontalOffset": -28,
                "top": 51
            },
            "SORT_ROWS": {
                "horizontalOffset": -5,
                "top": 62
            }
        }
    },
    "me.daqem.jobsplus.client.gui.BackpackScreen": {
        "buttonHints": {
            "MOVE_TO_CONTAINER": {
                "bottom": 1
            },
            "MOVE_TO_PLAYER": {
                "top": 1
            },
            "SORT": {
                "horizontalOffset": -6,
                "top": 1
            },
            "SORT_COLUMNS": {
                "horizontalOffset": -4,
                "top": 1
            },
            "SORT_ROWS": {
                "horizontalOffset": -2,
                "top": 1
            }
        }
    },
    "xyz.apex.forge.fantasyfurniture.client.screen.MediumInventoryMenuScreen": {
        "buttonHints": {
            "MOVE_TO_PLAYER": {
                "horizontalOffset": -1
            },
            "SORT": {
                "horizontalOffset": -7
            },
            "SORT_COLUMNS": {
                "horizontalOffset": -5
            },
            "SORT_ROWS": {
                "horizontalOffset": -3
            }
        }
    },
    "net.minecraft.class_490": {
        "buttonHints": {
            "MOVE_TO_CONTAINER": {
                "horizontalOffset": 1,
                "bottom": 1
            },
            "SORT": {
                "horizontalOffset": -3,
                "bottom": 3
            },
            "SORT_COLUMNS": {
                "horizontalOffset": -1,
                "bottom": 3
            },
            "SORT_ROWS": {
                "horizontalOffset": 1,
                "bottom": 3
            },
            "SHOW_EDITOR": {
                "horizontalOffset": 180,
                "top": 181
            }
        }
    },
    "net.minecraft.class_481": {
        "buttonHints": {
            "SORT": {
                "horizontalOffset": -21,
                "bottom": 3
            },
            "SORT_COLUMNS": {
                "horizontalOffset": -19,
                "bottom": 3
            },
            "SORT_ROWS": {
                "horizontalOffset": -17,
                "bottom": 3
            }
        }
    },
    "net.minecraft.class_488": {
        "buttonHints": {
            "MOVE_TO_CONTAINER": {
                "horizontalOffset": 1,
                "bottom": 3
            },
            "MOVE_TO_PLAYER": {
                "horizontalOffset": 1,
                "top": 3
            },
            "SORT": {
                "horizontalOffset": -25,
                "bottom": 3
            },
            "SORT_COLUMNS": {
                "horizontalOffset": 127,
                "bottom": 3
            },
            "SORT_ROWS": {
                "horizontalOffset": 129,
                "bottom": 3
            }
        }
    },
    "net.minecraft.class_480": {
        "buttonHints": {
            "MOVE_TO_CONTAINER": {
                "horizontalOffset": 1,
                "bottom": 3
            },
            "MOVE_TO_PLAYER": {
                "horizontalOffset": 1,
                "top": 3
            },
            "SORT": {
                "horizontalOffset": -25,
                "top": 63
            },
            "SORT_COLUMNS": {
                "horizontalOffset": 127,
                "top": 63
            },
            "SORT_ROWS": {
                "horizontalOffset": 129,
                "top": 63
            }
        }
    },
    "net.minecraft.class_476": {
        "buttonHints": {
            "MOVE_TO_CONTAINER": {
                "bottom": 2
            },
            "MOVE_TO_PLAYER": {
                "top": 2
            },
            "SORT": {
                "horizontalOffset": -6,
                "top": 2
            },
            "SORT_COLUMNS": {
                "horizontalOffset": -4,
                "top": 2
            },
            "SORT_ROWS": {
                "horizontalOffset": -2,
                "top": 2
            }
        }
    },
    "com.tiviacz.travelersbackpack.client.screen.TravelersBackpackHandledScreen": {
        "buttonHints": {
            "MOVE_TO_CONTAINER": {
                "horizontalOffset": 7,
                "bottom": 28
            },
            "MOVE_TO_PLAYER": {
                "horizontalOffset": -3,
                "top": 79
            },
            "SORT": {
                "horizontalOffset": -29,
                "top": 51
            },
            "SORT_COLUMNS": {
                "horizontalOffset": -27,
                "top": 51
            },
            "SORT_ROWS": {
                "horizontalOffset": -5,
                "top": 61
            },
            "SHOW_EDITOR": {
                "top": 5
            }
        }
    },
    "net.spell_engine.spellbinding.SpellBindingScreen": {
        "ignore": true
    },
    "net.spell_engine.spellbinding.SpellBindingScreenHandler": {
        "ignore": true
    },
    "net.runes.client.RuneCraftingScreen": {
        "ignore": true
    },
    "net.runes.crafting.RuneCraftingScreenHandler": {
        "ignore": true
    },
    "com.glisco.conjuring.client.ui.SoulfireForgeScreen": {
        "buttonHints": {
            "SORT": {
                "horizontalOffset": -19
            },
            "MOVE_TO_CONTAINER": {
                "horizontalOffset": 5,
                "bottom": 2
            },
            "MOVE_TO_PLAYER": {
                "horizontalOffset": 5
            },
            "SORT_COLUMNS": {
                "horizontalOffset": 5,
                "top": 11
            },
            "SETTINGS": {
                "top": 1
            },
            "SORT_ROWS": {
                "horizontalOffset": 17
            }
        }
    },
    "com.tom.storagemod.gui.StorageTerminalScreen": {
        "buttonHints": {
            "MOVE_TO_CONTAINER": {
                "horizontalOffset": 19,
                "bottom": -1
            },
            "MOVE_TO_PLAYER": {
                "horizontalOffset": 32,
                "top": 103
            },
            "SORT": {
                "horizontalOffset": 134,
                "top": 103
            },
            "SORT_COLUMNS": {
                "horizontalOffset": 133,
                "top": 103
            },
            "SORT_ROWS": {
                "horizontalOffset": 132,
                "top": 103
            },
            "SETTINGS": {
                "horizontalOffset": -2
            }
        }
    }
}